{"model.layers.0.self_attn.q_proj.weight": 0.0244903564453125}
{"model.layers.0.self_attn.k_proj.weight": 0.0794677734375}
{"model.layers.0.self_attn.v_proj.weight": 4.09765625}
{"model.layers.0.self_attn.o_proj.weight": 1.0205078125}
{"model.layers.0.mlp.gate_proj.weight": 0.0158538818359375}
{"model.layers.0.mlp.up_proj.weight": 0.03839111328125}
{"model.layers.0.mlp.down_proj.weight": 0.271484375}
{"model.layers.1.self_attn.q_proj.weight": 0.0003437995910644531}
{"model.layers.1.self_attn.k_proj.weight": 0.0007548332214355469}
{"model.layers.1.self_attn.v_proj.weight": 0.08203125}
{"model.layers.1.self_attn.o_proj.weight": 0.1651611328125}
{"model.layers.1.mlp.gate_proj.weight": 2.205078125}
{"model.layers.1.mlp.up_proj.weight": 1.0419921875}
{"model.layers.1.mlp.down_proj.weight": 0.03411865234375}
{"model.layers.2.self_attn.q_proj.weight": 4.2378902435302734e-05}
{"model.layers.2.self_attn.k_proj.weight": 5.793571472167969e-05}
{"model.layers.2.self_attn.v_proj.weight": 0.0196533203125}
{"model.layers.2.self_attn.o_proj.weight": 0.00044727325439453125}
{"model.layers.2.mlp.gate_proj.weight": 0.0799560546875}
{"model.layers.2.mlp.up_proj.weight": 0.05987548828125}
{"model.layers.2.mlp.down_proj.weight": 7.80078125}
{"model.layers.3.self_attn.q_proj.weight": 0.0457763671875}
{"model.layers.3.self_attn.k_proj.weight": 0.06268310546875}
{"model.layers.3.self_attn.v_proj.weight": 0.3134765625}
{"model.layers.3.self_attn.o_proj.weight": 0.2196044921875}
{"model.layers.3.mlp.gate_proj.weight": 0.9560546875}
{"model.layers.3.mlp.up_proj.weight": 1.2080078125}
{"model.layers.3.mlp.down_proj.weight": 0.8876953125}
{"model.layers.4.self_attn.q_proj.weight": 0.019622802734375}
{"model.layers.4.self_attn.k_proj.weight": 0.0279693603515625}
{"model.layers.4.self_attn.v_proj.weight": 0.1031494140625}
{"model.layers.4.self_attn.o_proj.weight": 0.037322998046875}
{"model.layers.4.mlp.gate_proj.weight": 0.1907958984375}
{"model.layers.4.mlp.up_proj.weight": 0.301513671875}
{"model.layers.4.mlp.down_proj.weight": 0.251708984375}
{"model.layers.5.self_attn.q_proj.weight": 0.1146240234375}
{"model.layers.5.self_attn.k_proj.weight": 0.1219482421875}
{"model.layers.5.self_attn.v_proj.weight": 0.267333984375}
{"model.layers.5.self_attn.o_proj.weight": 0.06646728515625}
{"model.layers.5.mlp.gate_proj.weight": 0.408935546875}
{"model.layers.5.mlp.up_proj.weight": 0.7041015625}
{"model.layers.5.mlp.down_proj.weight": 0.180419921875}
{"model.layers.6.self_attn.q_proj.weight": 0.033355712890625}
{"model.layers.6.self_attn.k_proj.weight": 0.08941650390625}
{"model.layers.6.self_attn.v_proj.weight": 0.1680908203125}
{"model.layers.6.self_attn.o_proj.weight": 0.092041015625}
{"model.layers.6.mlp.gate_proj.weight": 0.370849609375}
{"model.layers.6.mlp.up_proj.weight": 0.72412109375}
{"model.layers.6.mlp.down_proj.weight": 0.1480712890625}
{"model.layers.7.self_attn.q_proj.weight": 0.07757568359375}
{"model.layers.7.self_attn.k_proj.weight": 0.17578125}
{"model.layers.7.self_attn.v_proj.weight": 0.5703125}
{"model.layers.7.self_attn.o_proj.weight": 0.2445068359375}
{"model.layers.7.mlp.gate_proj.weight": 1.330078125}
{"model.layers.7.mlp.up_proj.weight": 2.453125}
{"model.layers.7.mlp.down_proj.weight": 1.044921875}
{"model.layers.8.self_attn.q_proj.weight": 0.06103515625}
{"model.layers.8.self_attn.k_proj.weight": 0.123779296875}
{"model.layers.8.self_attn.v_proj.weight": 0.54248046875}
{"model.layers.8.self_attn.o_proj.weight": 0.2315673828125}
{"model.layers.8.mlp.gate_proj.weight": 1.0244140625}
{"model.layers.8.mlp.up_proj.weight": 1.89453125}
{"model.layers.8.mlp.down_proj.weight": 1.1298828125}
{"model.layers.9.self_attn.q_proj.weight": 0.02734375}
{"model.layers.9.self_attn.k_proj.weight": 0.058685302734375}
{"model.layers.9.self_attn.v_proj.weight": 0.2113037109375}
{"model.layers.9.self_attn.o_proj.weight": 0.07684326171875}
{"model.layers.9.mlp.gate_proj.weight": 0.409912109375}
{"model.layers.9.mlp.up_proj.weight": 0.83154296875}
{"model.layers.9.mlp.down_proj.weight": 0.310546875}
{"model.layers.10.self_attn.q_proj.weight": 0.118408203125}
{"model.layers.10.self_attn.k_proj.weight": 0.184814453125}
{"model.layers.10.self_attn.v_proj.weight": 0.63623046875}
{"model.layers.10.self_attn.o_proj.weight": 0.261474609375}
{"model.layers.10.mlp.gate_proj.weight": 1.0966796875}
{"model.layers.10.mlp.up_proj.weight": 2.095703125}
{"model.layers.10.mlp.down_proj.weight": 0.91943359375}
{"model.layers.11.self_attn.q_proj.weight": 0.091552734375}
{"model.layers.11.self_attn.k_proj.weight": 0.140869140625}
{"model.layers.11.self_attn.v_proj.weight": 0.281982421875}
{"model.layers.11.self_attn.o_proj.weight": 0.233642578125}
{"model.layers.11.mlp.gate_proj.weight": 0.442138671875}
{"model.layers.11.mlp.up_proj.weight": 0.783203125}
{"model.layers.11.mlp.down_proj.weight": 0.548828125}
{"model.layers.12.self_attn.q_proj.weight": 0.1712646484375}
{"model.layers.12.self_attn.k_proj.weight": 0.20751953125}
{"model.layers.12.self_attn.v_proj.weight": 0.509765625}
{"model.layers.12.self_attn.o_proj.weight": 0.396484375}
{"model.layers.12.mlp.gate_proj.weight": 0.72607421875}
{"model.layers.12.mlp.up_proj.weight": 1.1767578125}
{"model.layers.12.mlp.down_proj.weight": 0.83203125}
{"model.layers.13.self_attn.q_proj.weight": 0.56201171875}
{"model.layers.13.self_attn.k_proj.weight": 0.4091796875}
{"model.layers.13.self_attn.v_proj.weight": 0.5322265625}
{"model.layers.13.self_attn.o_proj.weight": 0.25830078125}
{"model.layers.13.mlp.gate_proj.weight": 0.671875}
{"model.layers.13.mlp.up_proj.weight": 0.7841796875}
{"model.layers.13.mlp.down_proj.weight": 0.70458984375}
{"model.layers.14.self_attn.q_proj.weight": 0.265625}
{"model.layers.14.self_attn.k_proj.weight": 0.35986328125}
{"model.layers.14.self_attn.v_proj.weight": 0.86279296875}
{"model.layers.14.self_attn.o_proj.weight": 0.64794921875}
{"model.layers.14.mlp.gate_proj.weight": 0.97314453125}
{"model.layers.14.mlp.up_proj.weight": 1.0517578125}
{"model.layers.14.mlp.down_proj.weight": 0.9970703125}
{"model.layers.15.self_attn.q_proj.weight": 0.169189453125}
{"model.layers.15.self_attn.k_proj.weight": 0.1932373046875}
{"model.layers.15.self_attn.v_proj.weight": 0.459228515625}
{"model.layers.15.self_attn.o_proj.weight": 0.46044921875}
{"model.layers.15.mlp.gate_proj.weight": 0.464599609375}
{"model.layers.15.mlp.up_proj.weight": 0.474853515625}
{"model.layers.15.mlp.down_proj.weight": 0.437744140625}
{"model.layers.16.self_attn.q_proj.weight": 0.2054443359375}
{"model.layers.16.self_attn.k_proj.weight": 0.1990966796875}
{"model.layers.16.self_attn.v_proj.weight": 0.70654296875}
{"model.layers.16.self_attn.o_proj.weight": 0.6767578125}
{"model.layers.16.mlp.gate_proj.weight": 0.83251953125}
{"model.layers.16.mlp.up_proj.weight": 1.076171875}
{"model.layers.16.mlp.down_proj.weight": 0.8876953125}
{"model.layers.17.self_attn.q_proj.weight": 0.22705078125}
{"model.layers.17.self_attn.k_proj.weight": 0.314453125}
{"model.layers.17.self_attn.v_proj.weight": 0.85400390625}
{"model.layers.17.self_attn.o_proj.weight": 0.75439453125}
{"model.layers.17.mlp.gate_proj.weight": 0.59130859375}
{"model.layers.17.mlp.up_proj.weight": 0.65625}
{"model.layers.17.mlp.down_proj.weight": 0.5380859375}
{"model.layers.18.self_attn.q_proj.weight": 0.1856689453125}
{"model.layers.18.self_attn.k_proj.weight": 0.331787109375}
{"model.layers.18.self_attn.v_proj.weight": 0.67431640625}
{"model.layers.18.self_attn.o_proj.weight": 0.6083984375}
{"model.layers.18.mlp.gate_proj.weight": 0.454345703125}
{"model.layers.18.mlp.up_proj.weight": 0.484619140625}
{"model.layers.18.mlp.down_proj.weight": 0.456298828125}
{"model.layers.19.self_attn.q_proj.weight": 0.249755859375}
{"model.layers.19.self_attn.k_proj.weight": 0.2266845703125}
{"model.layers.19.self_attn.v_proj.weight": 0.56787109375}
{"model.layers.19.self_attn.o_proj.weight": 0.71337890625}
{"model.layers.19.mlp.gate_proj.weight": 0.40771484375}
{"model.layers.19.mlp.up_proj.weight": 0.414794921875}
