{"model.layers.0.self_attn.q_proj.weight": 0.014874696731567383}
{"model.layers.0.self_attn.k_proj.weight": 0.06374335289001465}
{"model.layers.0.self_attn.v_proj.weight": 2.7528693079948425}
{"model.layers.0.self_attn.o_proj.weight": 1.2219085693359375}
{"model.layers.0.mlp.gate_proj.weight": 0.03216046094894409}
{"model.layers.0.mlp.up_proj.weight": 0.05288165807723999}
{"model.layers.0.mlp.down_proj.weight": 0.32884788513183594}
{"model.layers.1.self_attn.q_proj.weight": 0.001650094985961914}
{"model.layers.1.self_attn.k_proj.weight": 0.0035071372985839844}
{"model.layers.1.self_attn.v_proj.weight": 0.3381691575050354}
{"model.layers.1.self_attn.o_proj.weight": 0.57403564453125}
{"model.layers.1.mlp.gate_proj.weight": 4.905435025691986}
{"model.layers.1.mlp.up_proj.weight": 2.9652851223945618}
{"model.layers.1.mlp.down_proj.weight": 0.042471885681152344}
{"model.layers.2.self_attn.q_proj.weight": 3.0934810638427734e-05}
{"model.layers.2.self_attn.k_proj.weight": 3.8743019104003906e-05}
{"model.layers.2.self_attn.v_proj.weight": 0.017813682556152344}
{"model.layers.2.self_attn.o_proj.weight": 0.0007417798042297363}
{"model.layers.2.mlp.gate_proj.weight": 0.04981541633605957}
{"model.layers.2.mlp.up_proj.weight": 0.051663100719451904}
{"model.layers.2.mlp.down_proj.weight": 5.85106498003006}
{"model.layers.3.self_attn.q_proj.weight": 0.029375076293945312}
{"model.layers.3.self_attn.k_proj.weight": 0.03218501806259155}
{"model.layers.3.self_attn.v_proj.weight": 0.15782904624938965}
{"model.layers.3.self_attn.o_proj.weight": 0.10051047801971436}
{"model.layers.3.mlp.gate_proj.weight": 0.4906376600265503}
{"model.layers.3.mlp.up_proj.weight": 0.6377876996994019}
{"model.layers.3.mlp.down_proj.weight": 0.40148550271987915}
{"model.layers.4.self_attn.q_proj.weight": 0.12718212604522705}
{"model.layers.4.self_attn.k_proj.weight": 0.22499299049377441}
{"model.layers.4.self_attn.v_proj.weight": 0.974105715751648}
{"model.layers.4.self_attn.o_proj.weight": 0.390106201171875}
{"model.layers.4.mlp.gate_proj.weight": 1.3177675008773804}
{"model.layers.4.mlp.up_proj.weight": 2.2148677110671997}
{"model.layers.4.mlp.down_proj.weight": 0.703842043876648}
{"model.layers.5.self_attn.q_proj.weight": 0.16062545776367188}
{"model.layers.5.self_attn.k_proj.weight": 0.22843194007873535}
{"model.layers.5.self_attn.v_proj.weight": 0.543670654296875}
{"model.layers.5.self_attn.o_proj.weight": 0.1368865966796875}
{"model.layers.5.mlp.gate_proj.weight": 1.1034252643585205}
{"model.layers.5.mlp.up_proj.weight": 2.0069591403007507}
{"model.layers.5.mlp.down_proj.weight": 0.6040802001953125}
{"model.layers.6.self_attn.q_proj.weight": 0.04917144775390625}
{"model.layers.6.self_attn.k_proj.weight": 0.0660858154296875}
{"model.layers.6.self_attn.v_proj.weight": 0.2742919921875}
{"model.layers.6.self_attn.o_proj.weight": 0.152984619140625}
{"model.layers.6.mlp.gate_proj.weight": 0.6553958058357239}
{"model.layers.6.mlp.up_proj.weight": 1.1633331179618835}
{"model.layers.6.mlp.down_proj.weight": 0.29547119140625}
{"model.layers.7.self_attn.q_proj.weight": 0.0891956090927124}
{"model.layers.7.self_attn.k_proj.weight": 0.18383753299713135}
{"model.layers.7.self_attn.v_proj.weight": 0.6558620929718018}
{"model.layers.7.self_attn.o_proj.weight": 0.2765793800354004}
{"model.layers.7.mlp.gate_proj.weight": 1.6009427905082703}
{"model.layers.7.mlp.up_proj.weight": 2.893842399120331}
{"model.layers.7.mlp.down_proj.weight": 1.3142468929290771}
{"model.layers.8.self_attn.q_proj.weight": 0.06538772583007812}
{"model.layers.8.self_attn.k_proj.weight": 0.12501949071884155}
{"model.layers.8.self_attn.v_proj.weight": 0.4513632655143738}
{"model.layers.8.self_attn.o_proj.weight": 0.19036483764648438}
{"model.layers.8.mlp.gate_proj.weight": 0.945695698261261}
{"model.layers.8.mlp.up_proj.weight": 1.6952850818634033}
{"model.layers.8.mlp.down_proj.weight": 0.9116973876953125}
{"model.layers.9.self_attn.q_proj.weight": 0.05365753173828125}
{"model.layers.9.self_attn.k_proj.weight": 0.1261749267578125}
{"model.layers.9.self_attn.v_proj.weight": 0.327392578125}
{"model.layers.9.self_attn.o_proj.weight": 0.135772705078125}
{"model.layers.9.mlp.gate_proj.weight": 0.70703125}
{"model.layers.9.mlp.up_proj.weight": 1.528076171875}
{"model.layers.9.mlp.down_proj.weight": 0.5228271484375}
{"model.layers.10.self_attn.q_proj.weight": 0.06276774406433105}
{"model.layers.10.self_attn.k_proj.weight": 0.13473278284072876}
{"model.layers.10.self_attn.v_proj.weight": 0.4205038547515869}
{"model.layers.10.self_attn.o_proj.weight": 0.182037353515625}
{"model.layers.10.mlp.gate_proj.weight": 0.8337039947509766}
{"model.layers.10.mlp.up_proj.weight": 1.582685112953186}
{"model.layers.10.mlp.down_proj.weight": 0.720373272895813}
{"model.layers.11.self_attn.q_proj.weight": 0.08981144428253174}
{"model.layers.11.self_attn.k_proj.weight": 0.16762882471084595}
{"model.layers.11.self_attn.v_proj.weight": 0.2743212580680847}
{"model.layers.11.self_attn.o_proj.weight": 0.23030048608779907}
{"model.layers.11.mlp.gate_proj.weight": 0.4220244288444519}
{"model.layers.11.mlp.up_proj.weight": 0.6738452911376953}
{"model.layers.11.mlp.down_proj.weight": 0.47778916358947754}
{"model.layers.12.self_attn.q_proj.weight": 0.25729572772979736}
{"model.layers.12.self_attn.k_proj.weight": 0.3632264733314514}
{"model.layers.12.self_attn.v_proj.weight": 0.6993630528450012}
{"model.layers.12.self_attn.o_proj.weight": 0.523590087890625}
{"model.layers.12.mlp.gate_proj.weight": 0.9392181038856506}
{"model.layers.12.mlp.up_proj.weight": 1.5297943353652954}
{"model.layers.12.mlp.down_proj.weight": 1.150146484375}
{"model.layers.13.self_attn.q_proj.weight": 0.4750520586967468}
{"model.layers.13.self_attn.k_proj.weight": 0.5720812082290649}
{"model.layers.13.self_attn.v_proj.weight": 0.4945937395095825}
{"model.layers.13.self_attn.o_proj.weight": 0.24115008115768433}
{"model.layers.13.mlp.gate_proj.weight": 0.6300926208496094}
{"model.layers.13.mlp.up_proj.weight": 0.7431207299232483}
{"model.layers.13.mlp.down_proj.weight": 0.6711428165435791}
{"model.layers.14.self_attn.q_proj.weight": 0.15730291604995728}
{"model.layers.14.self_attn.k_proj.weight": 0.18391484022140503}
{"model.layers.14.self_attn.v_proj.weight": 0.5266421437263489}
{"model.layers.14.self_attn.o_proj.weight": 0.3489227294921875}
{"model.layers.14.mlp.gate_proj.weight": 0.38031005859375}
{"model.layers.14.mlp.up_proj.weight": 0.4504241943359375}
{"model.layers.14.mlp.down_proj.weight": 0.4285125732421875}
{"model.layers.15.self_attn.q_proj.weight": 0.38427734375}
{"model.layers.15.self_attn.k_proj.weight": 0.47311413288116455}
{"model.layers.15.self_attn.v_proj.weight": 1.159912109375}
{"model.layers.15.self_attn.o_proj.weight": 1.197265625}
{"model.layers.15.mlp.gate_proj.weight": 0.9609375}
{"model.layers.15.mlp.up_proj.weight": 1.05120849609375}
{"model.layers.15.mlp.down_proj.weight": 0.900146484375}
{"model.layers.16.self_attn.q_proj.weight": 0.20039689540863037}
{"model.layers.16.self_attn.k_proj.weight": 0.20186293125152588}
{"model.layers.16.self_attn.v_proj.weight": 0.7807378768920898}
{"model.layers.16.self_attn.o_proj.weight": 0.7520094513893127}
{"model.layers.16.mlp.gate_proj.weight": 0.7717283964157104}
{"model.layers.16.mlp.up_proj.weight": 0.9602985978126526}
{"model.layers.16.mlp.down_proj.weight": 0.8735711574554443}
{"model.layers.17.self_attn.q_proj.weight": 0.15150129795074463}
{"model.layers.17.self_attn.k_proj.weight": 0.13728201389312744}
{"model.layers.17.self_attn.v_proj.weight": 0.3640117645263672}
{"model.layers.17.self_attn.o_proj.weight": 0.3281053304672241}
{"model.layers.17.mlp.gate_proj.weight": 0.2849384546279907}
{"model.layers.17.mlp.up_proj.weight": 0.294933021068573}
{"model.layers.17.mlp.down_proj.weight": 0.24192184209823608}
{"model.layers.18.self_attn.q_proj.weight": 0.17487478256225586}
{"model.layers.18.self_attn.k_proj.weight": 0.22224456071853638}
{"model.layers.18.self_attn.v_proj.weight": 0.6481242775917053}
