{"model.layers.0.self_attn.q_proj.weight": 0.008392333984375}
{"model.layers.0.self_attn.k_proj.weight": 0.0433349609375}
{"model.layers.0.self_attn.v_proj.weight": 1.814453125}
{"model.layers.0.self_attn.o_proj.weight": 0.728515625}
{"model.layers.0.mlp.gate_proj.weight": 0.01727294921875}
{"model.layers.0.mlp.up_proj.weight": 0.0288848876953125}
{"model.layers.0.mlp.down_proj.weight": 0.19970703125}
{"model.layers.1.self_attn.q_proj.weight": 0.0007991790771484375}
{"model.layers.1.self_attn.k_proj.weight": 0.0013494491577148438}
{"model.layers.1.self_attn.v_proj.weight": 0.1888427734375}
{"model.layers.1.self_attn.o_proj.weight": 0.2237548828125}
{"model.layers.1.mlp.gate_proj.weight": 2.38671875}
{"model.layers.1.mlp.up_proj.weight": 1.103515625}
{"model.layers.1.mlp.down_proj.weight": 0.018280029296875}
{"model.layers.2.self_attn.q_proj.weight": 4.0650367736816406e-05}
{"model.layers.2.self_attn.k_proj.weight": 1.9550323486328125e-05}
{"model.layers.2.self_attn.v_proj.weight": 0.0163116455078125}
{"model.layers.2.self_attn.o_proj.weight": 0.0005426406860351562}
{"model.layers.2.mlp.gate_proj.weight": 0.04351806640625}
{"model.layers.2.mlp.up_proj.weight": 0.03875732421875}
{"model.layers.2.mlp.down_proj.weight": 4.875}
{"model.layers.3.self_attn.q_proj.weight": 0.032745361328125}
{"model.layers.3.self_attn.k_proj.weight": 0.058624267578125}
{"model.layers.3.self_attn.v_proj.weight": 0.259033203125}
{"model.layers.3.self_attn.o_proj.weight": 0.210205078125}
{"model.layers.3.mlp.gate_proj.weight": 0.82958984375}
{"model.layers.3.mlp.up_proj.weight": 1.1845703125}
{"model.layers.3.mlp.down_proj.weight": 1.1357421875}
{"model.layers.4.self_attn.q_proj.weight": 0.037689208984375}
{"model.layers.4.self_attn.k_proj.weight": 0.08172607421875}
{"model.layers.4.self_attn.v_proj.weight": 0.387451171875}
{"model.layers.4.self_attn.o_proj.weight": 0.181884765625}
{"model.layers.4.mlp.gate_proj.weight": 0.58837890625}
{"model.layers.4.mlp.up_proj.weight": 0.99658203125}
{"model.layers.4.mlp.down_proj.weight": 0.462646484375}
{"model.layers.5.self_attn.q_proj.weight": 0.17333984375}
{"model.layers.5.self_attn.k_proj.weight": 0.234619140625}
{"model.layers.5.self_attn.v_proj.weight": 0.62158203125}
{"model.layers.5.self_attn.o_proj.weight": 0.2342529296875}
{"model.layers.5.mlp.gate_proj.weight": 1.2431640625}
{"model.layers.5.mlp.up_proj.weight": 2.421875}
{"model.layers.5.mlp.down_proj.weight": 0.57080078125}
{"model.layers.6.self_attn.q_proj.weight": 0.0726318359375}
{"model.layers.6.self_attn.k_proj.weight": 0.1363525390625}
{"model.layers.6.self_attn.v_proj.weight": 0.364501953125}
{"model.layers.6.self_attn.o_proj.weight": 0.2347412109375}
{"model.layers.6.mlp.gate_proj.weight": 0.71435546875}
{"model.layers.6.mlp.up_proj.weight": 1.5126953125}
{"model.layers.6.mlp.down_proj.weight": 0.5166015625}
{"model.layers.7.self_attn.q_proj.weight": 0.037200927734375}
{"model.layers.7.self_attn.k_proj.weight": 0.055511474609375}
{"model.layers.7.self_attn.v_proj.weight": 0.227294921875}
{"model.layers.7.self_attn.o_proj.weight": 0.10302734375}
{"model.layers.7.mlp.gate_proj.weight": 0.59716796875}
{"model.layers.7.mlp.up_proj.weight": 1.0595703125}
{"model.layers.7.mlp.down_proj.weight": 0.52197265625}
{"model.layers.8.self_attn.q_proj.weight": 0.05145263671875}
{"model.layers.8.self_attn.k_proj.weight": 0.100341796875}
{"model.layers.8.self_attn.v_proj.weight": 0.33447265625}
{"model.layers.8.self_attn.o_proj.weight": 0.216064453125}
{"model.layers.8.mlp.gate_proj.weight": 0.78125}
{"model.layers.8.mlp.up_proj.weight": 1.208984375}
{"model.layers.8.mlp.down_proj.weight": 0.7587890625}
{"model.layers.9.self_attn.q_proj.weight": 0.0672607421875}
{"model.layers.9.self_attn.k_proj.weight": 0.1016845703125}
{"model.layers.9.self_attn.v_proj.weight": 0.388427734375}
{"model.layers.9.self_attn.o_proj.weight": 0.225341796875}
{"model.layers.9.mlp.gate_proj.weight": 0.70947265625}
{"model.layers.9.mlp.up_proj.weight": 1.4462890625}
{"model.layers.9.mlp.down_proj.weight": 0.64599609375}
{"model.layers.10.self_attn.q_proj.weight": 0.034576416015625}
{"model.layers.10.self_attn.k_proj.weight": 0.060546875}
{"model.layers.10.self_attn.v_proj.weight": 0.2392578125}
{"model.layers.10.self_attn.o_proj.weight": 0.13671875}
{"model.layers.10.mlp.gate_proj.weight": 0.43212890625}
{"model.layers.10.mlp.up_proj.weight": 0.87841796875}
{"model.layers.10.mlp.down_proj.weight": 0.458251953125}
{"model.layers.11.self_attn.q_proj.weight": 0.116455078125}
{"model.layers.11.self_attn.k_proj.weight": 0.1373291015625}
{"model.layers.11.self_attn.v_proj.weight": 0.26806640625}
{"model.layers.11.self_attn.o_proj.weight": 0.2132568359375}
{"model.layers.11.mlp.gate_proj.weight": 0.43359375}
{"model.layers.11.mlp.up_proj.weight": 0.6953125}
{"model.layers.11.mlp.down_proj.weight": 0.4697265625}
{"model.layers.12.self_attn.q_proj.weight": 0.07977294921875}
{"model.layers.12.self_attn.k_proj.weight": 0.07696533203125}
{"model.layers.12.self_attn.v_proj.weight": 0.2685546875}
{"model.layers.12.self_attn.o_proj.weight": 0.2412109375}
{"model.layers.12.mlp.gate_proj.weight": 0.2568359375}
{"model.layers.12.mlp.up_proj.weight": 0.47412109375}
{"model.layers.12.mlp.down_proj.weight": 0.345947265625}
{"model.layers.13.self_attn.q_proj.weight": 0.311279296875}
{"model.layers.13.self_attn.k_proj.weight": 0.384521484375}
{"model.layers.13.self_attn.v_proj.weight": 0.37841796875}
{"model.layers.13.self_attn.o_proj.weight": 0.192138671875}
{"model.layers.13.mlp.gate_proj.weight": 0.56201171875}
{"model.layers.13.mlp.up_proj.weight": 0.61279296875}
{"model.layers.13.mlp.down_proj.weight": 0.6171875}
{"model.layers.14.self_attn.q_proj.weight": 0.11370849609375}
{"model.layers.14.self_attn.k_proj.weight": 0.0919189453125}
{"model.layers.14.self_attn.v_proj.weight": 0.33154296875}
{"model.layers.14.self_attn.o_proj.weight": 0.27685546875}
{"model.layers.14.mlp.gate_proj.weight": 0.23876953125}
{"model.layers.14.mlp.up_proj.weight": 0.27587890625}
{"model.layers.14.mlp.down_proj.weight": 0.312255859375}
{"model.layers.15.self_attn.q_proj.weight": 0.423095703125}
{"model.layers.15.self_attn.k_proj.weight": 0.35791015625}
{"model.layers.15.self_attn.v_proj.weight": 0.857421875}
{"model.layers.15.self_attn.o_proj.weight": 0.7607421875}
{"model.layers.15.mlp.gate_proj.weight": 0.76025390625}
{"model.layers.15.mlp.up_proj.weight": 0.68994140625}
{"model.layers.15.mlp.down_proj.weight": 0.83056640625}
{"model.layers.16.self_attn.q_proj.weight": 0.1954345703125}
{"model.layers.16.self_attn.k_proj.weight": 0.1802978515625}
{"model.layers.16.self_attn.v_proj.weight": 0.78173828125}
{"model.layers.16.self_attn.o_proj.weight": 0.6484375}
{"model.layers.16.mlp.gate_proj.weight": 0.71435546875}
{"model.layers.16.mlp.up_proj.weight": 0.82080078125}
{"model.layers.16.mlp.down_proj.weight": 0.81787109375}
{"model.layers.17.self_attn.q_proj.weight": 0.09625244140625}
{"model.layers.17.self_attn.k_proj.weight": 0.175537109375}
{"model.layers.17.self_attn.v_proj.weight": 0.33251953125}
{"model.layers.17.self_attn.o_proj.weight": 0.306884765625}
{"model.layers.17.mlp.gate_proj.weight": 0.2177734375}
{"model.layers.17.mlp.up_proj.weight": 0.2265625}
{"model.layers.17.mlp.down_proj.weight": 0.2137451171875}
{"model.layers.18.self_attn.q_proj.weight": 0.27490234375}
{"model.layers.18.self_attn.k_proj.weight": 0.24560546875}
{"model.layers.18.self_attn.v_proj.weight": 0.7431640625}
{"model.layers.18.self_attn.o_proj.weight": 0.48095703125}
{"model.layers.18.mlp.gate_proj.weight": 0.479736328125}
{"model.layers.18.mlp.up_proj.weight": 0.473388671875}
{"model.layers.18.mlp.down_proj.weight": 0.480712890625}
{"model.layers.19.self_attn.q_proj.weight": 0.149658203125}
{"model.layers.19.self_attn.k_proj.weight": 0.0977783203125}
{"model.layers.19.self_attn.v_proj.weight": 0.320068359375}
{"model.layers.19.self_attn.o_proj.weight": 0.41455078125}
{"model.layers.19.mlp.gate_proj.weight": 0.227294921875}
