{"model.layers.0.self_attn.q_proj.weight": 0.015259265899658203}
{"model.layers.0.self_attn.k_proj.weight": 0.04284358024597168}
{"model.layers.0.self_attn.v_proj.weight": 2.8942947387695312}
{"model.layers.0.self_attn.o_proj.weight": 1.2398700714111328}
{"model.layers.0.mlp.gate_proj.weight": 0.03583860397338867}
{"model.layers.0.mlp.up_proj.weight": 0.05557727813720703}
{"model.layers.0.mlp.down_proj.weight": 0.3294339179992676}
{"model.layers.1.self_attn.q_proj.weight": 0.0007141828536987305}
{"model.layers.1.self_attn.k_proj.weight": 0.00128936767578125}
{"model.layers.1.self_attn.v_proj.weight": 0.17077916860580444}
{"model.layers.1.self_attn.o_proj.weight": 0.24949806928634644}
{"model.layers.1.mlp.gate_proj.weight": 2.080888032913208}
{"model.layers.1.mlp.up_proj.weight": 1.4036222100257874}
{"model.layers.1.mlp.down_proj.weight": 0.016054213047027588}
{"model.layers.2.self_attn.q_proj.weight": 5.227327346801758e-05}
{"model.layers.2.self_attn.k_proj.weight": 5.0127506256103516e-05}
{"model.layers.2.self_attn.v_proj.weight": 0.019330322742462158}
{"model.layers.2.self_attn.o_proj.weight": 0.0009573101997375488}
{"model.layers.2.mlp.gate_proj.weight": 0.07177853584289551}
{"model.layers.2.mlp.up_proj.weight": 0.054591357707977295}
{"model.layers.2.mlp.down_proj.weight": 5.864847183227539}
{"model.layers.3.self_attn.q_proj.weight": 0.0663764476776123}
{"model.layers.3.self_attn.k_proj.weight": 0.08960920572280884}
{"model.layers.3.self_attn.v_proj.weight": 0.381767213344574}
{"model.layers.3.self_attn.o_proj.weight": 0.26493316888809204}
{"model.layers.3.mlp.gate_proj.weight": 1.2581818103790283}
{"model.layers.3.mlp.up_proj.weight": 1.4051885604858398}
{"model.layers.3.mlp.down_proj.weight": 1.1646023392677307}
{"model.layers.4.self_attn.q_proj.weight": 0.048240065574645996}
{"model.layers.4.self_attn.k_proj.weight": 0.10412454605102539}
{"model.layers.4.self_attn.v_proj.weight": 0.5647048950195312}
{"model.layers.4.self_attn.o_proj.weight": 0.25180965662002563}
{"model.layers.4.mlp.gate_proj.weight": 0.6509075164794922}
{"model.layers.4.mlp.up_proj.weight": 1.0756263732910156}
{"model.layers.4.mlp.down_proj.weight": 0.4015216827392578}
{"model.layers.5.self_attn.q_proj.weight": 0.1956939697265625}
{"model.layers.5.self_attn.k_proj.weight": 0.26544189453125}
{"model.layers.5.self_attn.v_proj.weight": 0.5736083984375}
{"model.layers.5.self_attn.o_proj.weight": 0.1844635009765625}
{"model.layers.5.mlp.gate_proj.weight": 1.2606201171875}
{"model.layers.5.mlp.up_proj.weight": 2.333740234375}
{"model.layers.5.mlp.down_proj.weight": 0.69281005859375}
{"model.layers.6.self_attn.q_proj.weight": 0.10900115966796875}
{"model.layers.6.self_attn.k_proj.weight": 0.2813873291015625}
{"model.layers.6.self_attn.v_proj.weight": 0.4347381591796875}
{"model.layers.6.self_attn.o_proj.weight": 0.261199951171875}
{"model.layers.6.mlp.gate_proj.weight": 0.988922119140625}
{"model.layers.6.mlp.up_proj.weight": 1.9093027710914612}
{"model.layers.6.mlp.down_proj.weight": 0.6766510009765625}
{"model.layers.7.self_attn.q_proj.weight": 0.04076880216598511}
{"model.layers.7.self_attn.k_proj.weight": 0.07356047630310059}
{"model.layers.7.self_attn.v_proj.weight": 0.29709523916244507}
{"model.layers.7.self_attn.o_proj.weight": 0.178070068359375}
{"model.layers.7.mlp.gate_proj.weight": 0.8102943897247314}
{"model.layers.7.mlp.up_proj.weight": 1.3391399383544922}
{"model.layers.7.mlp.down_proj.weight": 1.010237455368042}
{"model.layers.8.self_attn.q_proj.weight": 0.07887423038482666}
{"model.layers.8.self_attn.k_proj.weight": 0.13565874099731445}
{"model.layers.8.self_attn.v_proj.weight": 0.5366392135620117}
{"model.layers.8.self_attn.o_proj.weight": 0.30898499488830566}
{"model.layers.8.mlp.gate_proj.weight": 1.1522445678710938}
{"model.layers.8.mlp.up_proj.weight": 1.6708145141601562}
{"model.layers.8.mlp.down_proj.weight": 1.2735328674316406}
{"model.layers.9.self_attn.q_proj.weight": 0.23773193359375}
{"model.layers.9.self_attn.k_proj.weight": 0.24835234880447388}
{"model.layers.9.self_attn.v_proj.weight": 0.489410400390625}
{"model.layers.9.self_attn.o_proj.weight": 0.271270751953125}
{"model.layers.9.mlp.gate_proj.weight": 0.985779345035553}
{"model.layers.9.mlp.up_proj.weight": 1.8994152545928955}
{"model.layers.9.mlp.down_proj.weight": 0.971923828125}
{"model.layers.10.self_attn.q_proj.weight": 0.06441664695739746}
{"model.layers.10.self_attn.k_proj.weight": 0.08517497777938843}
{"model.layers.10.self_attn.v_proj.weight": 0.31700950860977173}
{"model.layers.10.self_attn.o_proj.weight": 0.13929861783981323}
{"model.layers.10.mlp.gate_proj.weight": 0.7505220174789429}
{"model.layers.10.mlp.up_proj.weight": 1.2941687107086182}
{"model.layers.10.mlp.down_proj.weight": 0.7234773635864258}
{"model.layers.11.self_attn.q_proj.weight": 0.16412353515625}
{"model.layers.11.self_attn.k_proj.weight": 0.23455816507339478}
{"model.layers.11.self_attn.v_proj.weight": 0.4508056640625}
{"model.layers.11.self_attn.o_proj.weight": 0.38409423828125}
{"model.layers.11.mlp.gate_proj.weight": 0.7388916015625}
{"model.layers.11.mlp.up_proj.weight": 1.0733643174171448}
{"model.layers.11.mlp.down_proj.weight": 0.8658447265625}
{"model.layers.12.self_attn.q_proj.weight": 0.21328938007354736}
{"model.layers.12.self_attn.k_proj.weight": 0.2628973126411438}
{"model.layers.12.self_attn.v_proj.weight": 0.5385866165161133}
{"model.layers.12.self_attn.o_proj.weight": 0.56689453125}
{"model.layers.12.mlp.gate_proj.weight": 0.7982855439186096}
{"model.layers.12.mlp.up_proj.weight": 1.3833107948303223}
{"model.layers.12.mlp.down_proj.weight": 1.0412612557411194}
{"model.layers.13.self_attn.q_proj.weight": 0.543701171875}
{"model.layers.13.self_attn.k_proj.weight": 0.416656494140625}
{"model.layers.13.self_attn.v_proj.weight": 0.4586181640625}
{"model.layers.13.self_attn.o_proj.weight": 0.23565673828125}
{"model.layers.13.mlp.gate_proj.weight": 0.67724609375}
{"model.layers.13.mlp.up_proj.weight": 0.7086181640625}
{"model.layers.13.mlp.down_proj.weight": 0.7705078125}
{"model.layers.14.self_attn.q_proj.weight": 0.3491407036781311}
{"model.layers.14.self_attn.k_proj.weight": 0.2454647421836853}
{"model.layers.14.self_attn.v_proj.weight": 0.6216030120849609}
{"model.layers.14.self_attn.o_proj.weight": 0.5443265438079834}
{"model.layers.14.mlp.gate_proj.weight": 0.5773890018463135}
{"model.layers.14.mlp.up_proj.weight": 0.7347230911254883}
{"model.layers.14.mlp.down_proj.weight": 0.7718839645385742}
{"model.layers.15.self_attn.q_proj.weight": 0.15107744932174683}
{"model.layers.15.self_attn.k_proj.weight": 0.20709431171417236}
{"model.layers.15.self_attn.v_proj.weight": 0.5734878182411194}
{"model.layers.15.self_attn.o_proj.weight": 0.5433349609375}
{"model.layers.15.mlp.gate_proj.weight": 0.5106202363967896}
{"model.layers.15.mlp.up_proj.weight": 0.53289794921875}
{"model.layers.15.mlp.down_proj.weight": 0.54425048828125}
{"model.layers.16.self_attn.q_proj.weight": 0.12918317317962646}
{"model.layers.16.self_attn.k_proj.weight": 0.125596821308136}
{"model.layers.16.self_attn.v_proj.weight": 0.4924524426460266}
{"model.layers.16.self_attn.o_proj.weight": 0.44766026735305786}
{"model.layers.16.mlp.gate_proj.weight": 0.4948367476463318}
{"model.layers.16.mlp.up_proj.weight": 0.5723057985305786}
{"model.layers.16.mlp.down_proj.weight": 0.5932456851005554}
{"model.layers.17.self_attn.q_proj.weight": 0.32623291015625}
{"model.layers.17.self_attn.k_proj.weight": 0.36810302734375}
{"model.layers.17.self_attn.v_proj.weight": 1.1722412109375}
{"model.layers.17.self_attn.o_proj.weight": 1.01416015625}
{"model.layers.17.mlp.gate_proj.weight": 0.90460205078125}
{"model.layers.17.mlp.up_proj.weight": 0.93646240234375}
{"model.layers.17.mlp.down_proj.weight": 0.917449951171875}
{"model.layers.18.self_attn.q_proj.weight": 0.32137244939804077}
{"model.layers.18.self_attn.k_proj.weight": 0.36838680505752563}
{"model.layers.18.self_attn.v_proj.weight": 1.0603671073913574}
