{"model.layers.0.self_attn.q_proj.weight": 0.024601221084594727}
{"model.layers.0.self_attn.k_proj.weight": 0.06837379932403564}
{"model.layers.0.self_attn.v_proj.weight": 4.4851638078689575}
{"model.layers.0.self_attn.o_proj.weight": 1.8753376603126526}
{"model.layers.0.mlp.gate_proj.weight": 0.056241750717163086}
{"model.layers.0.mlp.up_proj.weight": 0.08481526374816895}
{"model.layers.0.mlp.down_proj.weight": 0.5593810677528381}
{"model.layers.1.self_attn.q_proj.weight": 0.001567840576171875}
{"model.layers.1.self_attn.k_proj.weight": 0.002733170986175537}
{"model.layers.1.self_attn.v_proj.weight": 0.3559796214103699}
{"model.layers.1.self_attn.o_proj.weight": 0.571929931640625}
{"model.layers.1.mlp.gate_proj.weight": 6.447789549827576}
{"model.layers.1.mlp.up_proj.weight": 2.732646644115448}
{"model.layers.1.mlp.down_proj.weight": 0.05401420593261719}
{"model.layers.2.self_attn.q_proj.weight": 4.45246696472168e-05}
{"model.layers.2.self_attn.k_proj.weight": 3.4332275390625e-05}
{"model.layers.2.self_attn.v_proj.weight": 0.016589820384979248}
{"model.layers.2.self_attn.o_proj.weight": 0.00041294097900390625}
{"model.layers.2.mlp.gate_proj.weight": 0.05642855167388916}
{"model.layers.2.mlp.up_proj.weight": 0.04191344976425171}
{"model.layers.2.mlp.down_proj.weight": 8.016650676727295}
{"model.layers.3.self_attn.q_proj.weight": 0.14552754163742065}
{"model.layers.3.self_attn.k_proj.weight": 0.23593997955322266}
{"model.layers.3.self_attn.v_proj.weight": 0.8701248168945312}
{"model.layers.3.self_attn.o_proj.weight": 0.7222146987915039}
{"model.layers.3.mlp.gate_proj.weight": 2.460540771484375}
{"model.layers.3.mlp.up_proj.weight": 2.7309858202934265}
{"model.layers.3.mlp.down_proj.weight": 3.0220947265625}
{"model.layers.4.self_attn.q_proj.weight": 0.08502984046936035}
{"model.layers.4.self_attn.k_proj.weight": 0.19187891483306885}
{"model.layers.4.self_attn.v_proj.weight": 0.8378076553344727}
{"model.layers.4.self_attn.o_proj.weight": 0.40135711431503296}
{"model.layers.4.mlp.gate_proj.weight": 1.2424386739730835}
{"model.layers.4.mlp.up_proj.weight": 2.097225785255432}
{"model.layers.4.mlp.down_proj.weight": 0.8510330319404602}
{"model.layers.5.self_attn.q_proj.weight": 0.2726864218711853}
{"model.layers.5.self_attn.k_proj.weight": 0.374133825302124}
{"model.layers.5.self_attn.v_proj.weight": 1.0020163655281067}
{"model.layers.5.self_attn.o_proj.weight": 0.33397388458251953}
{"model.layers.5.mlp.gate_proj.weight": 2.2116889357566833}
{"model.layers.5.mlp.up_proj.weight": 3.781516909599304}
{"model.layers.5.mlp.down_proj.weight": 1.1565970182418823}
{"model.layers.6.self_attn.q_proj.weight": 0.16489624977111816}
{"model.layers.6.self_attn.k_proj.weight": 0.3439633250236511}
{"model.layers.6.self_attn.v_proj.weight": 0.8248077034950256}
{"model.layers.6.self_attn.o_proj.weight": 0.48302555084228516}
{"model.layers.6.mlp.gate_proj.weight": 1.8655566573143005}
{"model.layers.6.mlp.up_proj.weight": 3.665611982345581}
{"model.layers.6.mlp.down_proj.weight": 1.551803469657898}
{"model.layers.7.self_attn.q_proj.weight": 0.12444686889648438}
{"model.layers.7.self_attn.k_proj.weight": 0.2459183931350708}
{"model.layers.7.self_attn.v_proj.weight": 0.8230290412902832}
{"model.layers.7.self_attn.o_proj.weight": 0.4653472900390625}
{"model.layers.7.mlp.gate_proj.weight": 2.0993717908859253}
{"model.layers.7.mlp.up_proj.weight": 3.6142645478248596}
{"model.layers.7.mlp.down_proj.weight": 2.16699355840683}
{"model.layers.8.self_attn.q_proj.weight": 0.08922195434570312}
{"model.layers.8.self_attn.k_proj.weight": 0.18925613164901733}
{"model.layers.8.self_attn.v_proj.weight": 0.6515817046165466}
{"model.layers.8.self_attn.o_proj.weight": 0.3737335205078125}
{"model.layers.8.mlp.gate_proj.weight": 1.378605306148529}
{"model.layers.8.mlp.up_proj.weight": 2.244641125202179}
{"model.layers.8.mlp.down_proj.weight": 1.4937134981155396}
{"model.layers.9.self_attn.q_proj.weight": 0.10093951225280762}
{"model.layers.9.self_attn.k_proj.weight": 0.22516000270843506}
{"model.layers.9.self_attn.v_proj.weight": 0.6628090143203735}
{"model.layers.9.self_attn.o_proj.weight": 0.3528682589530945}
{"model.layers.9.mlp.gate_proj.weight": 1.4416134357452393}
{"model.layers.9.mlp.up_proj.weight": 2.572650909423828}
{"model.layers.9.mlp.down_proj.weight": 1.4886541366577148}
{"model.layers.10.self_attn.q_proj.weight": 0.14442944526672363}
{"model.layers.10.self_attn.k_proj.weight": 0.2141103744506836}
{"model.layers.10.self_attn.v_proj.weight": 0.6277942657470703}
{"model.layers.10.self_attn.o_proj.weight": 0.32383131980895996}
{"model.layers.10.mlp.gate_proj.weight": 1.4891700744628906}
{"model.layers.10.mlp.up_proj.weight": 2.712593197822571}
{"model.layers.10.mlp.down_proj.weight": 1.6823883056640625}
{"model.layers.11.self_attn.q_proj.weight": 0.28220468759536743}
{"model.layers.11.self_attn.k_proj.weight": 0.6586498618125916}
{"model.layers.11.self_attn.v_proj.weight": 0.8395603895187378}
{"model.layers.11.self_attn.o_proj.weight": 0.612701416015625}
{"model.layers.11.mlp.gate_proj.weight": 1.489689588546753}
{"model.layers.11.mlp.up_proj.weight": 2.168573021888733}
{"model.layers.11.mlp.down_proj.weight": 1.7771021127700806}
{"model.layers.12.self_attn.q_proj.weight": 0.3796338438987732}
{"model.layers.12.self_attn.k_proj.weight": 0.3453460931777954}
{"model.layers.12.self_attn.v_proj.weight": 0.9145375490188599}
{"model.layers.12.self_attn.o_proj.weight": 0.8424999117851257}
{"model.layers.12.mlp.gate_proj.weight": 1.4044967889785767}
{"model.layers.12.mlp.up_proj.weight": 2.1540932059288025}
{"model.layers.12.mlp.down_proj.weight": 1.8687120079994202}
{"model.layers.13.self_attn.q_proj.weight": 0.6540545225143433}
{"model.layers.13.self_attn.k_proj.weight": 0.7913162112236023}
{"model.layers.13.self_attn.v_proj.weight": 0.9044898152351379}
{"model.layers.13.self_attn.o_proj.weight": 0.5101680755615234}
{"model.layers.13.mlp.gate_proj.weight": 1.2584522366523743}
{"model.layers.13.mlp.up_proj.weight": 1.3435865640640259}
{"model.layers.13.mlp.down_proj.weight": 1.4220809936523438}
{"model.layers.14.self_attn.q_proj.weight": 0.5098097324371338}
{"model.layers.14.self_attn.k_proj.weight": 0.587648868560791}
{"model.layers.14.self_attn.v_proj.weight": 1.1383922696113586}
{"model.layers.14.self_attn.o_proj.weight": 1.0406054854393005}
{"model.layers.14.mlp.gate_proj.weight": 1.255385398864746}
{"model.layers.14.mlp.up_proj.weight": 1.4538782835006714}
{"model.layers.14.mlp.down_proj.weight": 1.6117494106292725}
{"model.layers.15.self_attn.q_proj.weight": 0.44193166494369507}
{"model.layers.15.self_attn.k_proj.weight": 0.6567245125770569}
{"model.layers.15.self_attn.v_proj.weight": 1.2147778272628784}
{"model.layers.15.self_attn.o_proj.weight": 1.2195555567741394}
{"model.layers.15.mlp.gate_proj.weight": 1.3779754638671875}
{"model.layers.15.mlp.up_proj.weight": 1.4237369298934937}
{"model.layers.15.mlp.down_proj.weight": 1.3592674136161804}
{"model.layers.16.self_attn.q_proj.weight": 0.32002466917037964}
{"model.layers.16.self_attn.k_proj.weight": 0.2753795385360718}
{"model.layers.16.self_attn.v_proj.weight": 0.9973835945129395}
{"model.layers.16.self_attn.o_proj.weight": 0.9048359990119934}
{"model.layers.16.mlp.gate_proj.weight": 1.0875191688537598}
{"model.layers.16.mlp.up_proj.weight": 1.3309506177902222}
{"model.layers.16.mlp.down_proj.weight": 1.337932050228119}
{"model.layers.17.self_attn.q_proj.weight": 0.4139847159385681}
{"model.layers.17.self_attn.k_proj.weight": 0.40460723638534546}
{"model.layers.17.self_attn.v_proj.weight": 1.028139889240265}
{"model.layers.17.self_attn.o_proj.weight": 0.9403308033943176}
{"model.layers.17.mlp.gate_proj.weight": 0.9331757426261902}
{"model.layers.17.mlp.up_proj.weight": 0.9513639807701111}
{"model.layers.17.mlp.down_proj.weight": 0.8695144653320312}
{"model.layers.18.self_attn.q_proj.weight": 0.32837748527526855}
{"model.layers.18.self_attn.k_proj.weight": 0.49559736251831055}
