{"model.layers.0.self_attn.q_proj.weight": 4.51207160949707e-05}
{"model.layers.0.self_attn.k_proj.weight": 0.00029277801513671875}
{"model.layers.0.self_attn.v_proj.weight": 0.02278602123260498}
{"model.layers.0.self_attn.o_proj.weight": 0.004719257354736328}
{"model.layers.0.mlp.gate_proj.weight": 2.0503997802734375e-05}
{"model.layers.0.mlp.up_proj.weight": 2.8192996978759766e-05}
{"model.layers.0.mlp.down_proj.weight": 0.0019551515579223633}
{"model.layers.1.self_attn.q_proj.weight": 0.0005450248718261719}
{"model.layers.1.self_attn.k_proj.weight": 0.0015311241149902344}
{"model.layers.1.self_attn.v_proj.weight": 0.057159423828125}
{"model.layers.1.self_attn.o_proj.weight": 0.1072998046875}
{"model.layers.1.mlp.gate_proj.weight": 1.17431640625}
{"model.layers.1.mlp.up_proj.weight": 0.611572265625}
{"model.layers.1.mlp.down_proj.weight": 0.01003265380859375}
{"model.layers.2.self_attn.q_proj.weight": 1.1920928955078125e-06}
{"model.layers.2.self_attn.k_proj.weight": 1.7285346984863281e-06}
{"model.layers.2.self_attn.v_proj.weight": 0.0018503665924072266}
{"model.layers.2.self_attn.o_proj.weight": 9.894371032714844e-06}
{"model.layers.2.mlp.gate_proj.weight": 0.0073337554931640625}
{"model.layers.2.mlp.up_proj.weight": 0.00606536865234375}
{"model.layers.2.mlp.down_proj.weight": 0.742431640625}
{"model.layers.3.self_attn.q_proj.weight": 0.02398681640625}
{"model.layers.3.self_attn.k_proj.weight": 0.0282135009765625}
{"model.layers.3.self_attn.v_proj.weight": 0.16455078125}
{"model.layers.3.self_attn.o_proj.weight": 0.138031005859375}
{"model.layers.3.mlp.gate_proj.weight": 0.44287109375}
{"model.layers.3.mlp.up_proj.weight": 0.529541015625}
{"model.layers.3.mlp.down_proj.weight": 0.518310546875}
{"model.layers.4.self_attn.q_proj.weight": 0.0013402104377746582}
{"model.layers.4.self_attn.k_proj.weight": 0.003786027431488037}
{"model.layers.4.self_attn.v_proj.weight": 0.023092687129974365}
{"model.layers.4.self_attn.o_proj.weight": 0.007335782051086426}
{"model.layers.4.mlp.gate_proj.weight": 0.03882002830505371}
{"model.layers.4.mlp.up_proj.weight": 0.06666243076324463}
{"model.layers.4.mlp.down_proj.weight": 0.017010033130645752}
{"model.layers.5.self_attn.q_proj.weight": 0.02676624059677124}
{"model.layers.5.self_attn.k_proj.weight": 0.02606356143951416}
{"model.layers.5.self_attn.v_proj.weight": 0.09541934728622437}
{"model.layers.5.self_attn.o_proj.weight": 0.032562255859375}
{"model.layers.5.mlp.gate_proj.weight": 0.22216516733169556}
{"model.layers.5.mlp.up_proj.weight": 0.3793752193450928}
{"model.layers.5.mlp.down_proj.weight": 0.11975622177124023}
{"model.layers.6.self_attn.q_proj.weight": 0.015864849090576172}
{"model.layers.6.self_attn.k_proj.weight": 0.015601396560668945}
{"model.layers.6.self_attn.v_proj.weight": 0.08980751037597656}
{"model.layers.6.self_attn.o_proj.weight": 0.06202125549316406}
{"model.layers.6.mlp.gate_proj.weight": 0.20726776123046875}
{"model.layers.6.mlp.up_proj.weight": 0.38684844970703125}
{"model.layers.6.mlp.down_proj.weight": 0.12699508666992188}
{"model.layers.7.self_attn.q_proj.weight": 0.02799224853515625}
{"model.layers.7.self_attn.k_proj.weight": 0.0358123779296875}
{"model.layers.7.self_attn.v_proj.weight": 0.145751953125}
{"model.layers.7.self_attn.o_proj.weight": 0.07513427734375}
{"model.layers.7.mlp.gate_proj.weight": 0.4227294921875}
{"model.layers.7.mlp.up_proj.weight": 0.56298828125}
{"model.layers.7.mlp.down_proj.weight": 0.4395751953125}
{"model.layers.8.self_attn.q_proj.weight": 0.0234222412109375}
{"model.layers.8.self_attn.k_proj.weight": 0.0450897216796875}
{"model.layers.8.self_attn.v_proj.weight": 0.130523681640625}
{"model.layers.8.self_attn.o_proj.weight": 0.0727996826171875}
{"model.layers.8.mlp.gate_proj.weight": 0.415771484375}
{"model.layers.8.mlp.up_proj.weight": 0.6298828125}
{"model.layers.8.mlp.down_proj.weight": 0.36328125}
{"model.layers.9.self_attn.q_proj.weight": 0.0338134765625}
{"model.layers.9.self_attn.k_proj.weight": 0.082977294921875}
{"model.layers.9.self_attn.v_proj.weight": 0.16033935546875}
{"model.layers.9.self_attn.o_proj.weight": 0.085357666015625}
{"model.layers.9.mlp.gate_proj.weight": 0.3348388671875}
{"model.layers.9.mlp.up_proj.weight": 0.685546875}
{"model.layers.9.mlp.down_proj.weight": 0.306884765625}
{"model.layers.10.self_attn.q_proj.weight": 0.046661376953125}
{"model.layers.10.self_attn.k_proj.weight": 0.055877685546875}
{"model.layers.10.self_attn.v_proj.weight": 0.1728515625}
{"model.layers.10.self_attn.o_proj.weight": 0.075164794921875}
{"model.layers.10.mlp.gate_proj.weight": 0.3519287109375}
{"model.layers.10.mlp.up_proj.weight": 0.623046875}
{"model.layers.10.mlp.down_proj.weight": 0.3323974609375}
{"model.layers.11.self_attn.q_proj.weight": 0.082183837890625}
{"model.layers.11.self_attn.k_proj.weight": 0.127105712890625}
{"model.layers.11.self_attn.v_proj.weight": 0.17584228515625}
{"model.layers.11.self_attn.o_proj.weight": 0.14630126953125}
{"model.layers.11.mlp.gate_proj.weight": 0.2816162109375}
{"model.layers.11.mlp.up_proj.weight": 0.42431640625}
{"model.layers.11.mlp.down_proj.weight": 0.31640625}
{"model.layers.12.self_attn.q_proj.weight": 0.077484130859375}
{"model.layers.12.self_attn.k_proj.weight": 0.080810546875}
{"model.layers.12.self_attn.v_proj.weight": 0.2103271484375}
{"model.layers.12.self_attn.o_proj.weight": 0.17803955078125}
{"model.layers.12.mlp.gate_proj.weight": 0.2625732421875}
{"model.layers.12.mlp.up_proj.weight": 0.4532470703125}
{"model.layers.12.mlp.down_proj.weight": 0.3206787109375}
{"model.layers.13.self_attn.q_proj.weight": 0.20111083984375}
{"model.layers.13.self_attn.k_proj.weight": 0.13983154296875}
{"model.layers.13.self_attn.v_proj.weight": 0.21124267578125}
{"model.layers.13.self_attn.o_proj.weight": 0.1124267578125}
{"model.layers.13.mlp.gate_proj.weight": 0.2677001953125}
{"model.layers.13.mlp.up_proj.weight": 0.2869873046875}
{"model.layers.13.mlp.down_proj.weight": 0.299072265625}
{"model.layers.14.self_attn.q_proj.weight": 0.08038806915283203}
{"model.layers.14.self_attn.k_proj.weight": 0.05380725860595703}
{"model.layers.14.self_attn.v_proj.weight": 0.11720466613769531}
{"model.layers.14.self_attn.o_proj.weight": 0.11382198333740234}
{"model.layers.14.mlp.gate_proj.weight": 0.11217880249023438}
{"model.layers.14.mlp.up_proj.weight": 0.11951780319213867}
{"model.layers.14.mlp.down_proj.weight": 0.16785097122192383}
{"model.layers.15.self_attn.q_proj.weight": 0.07539892196655273}
{"model.layers.15.self_attn.k_proj.weight": 0.0923013687133789}
{"model.layers.15.self_attn.v_proj.weight": 0.14003372192382812}
{"model.layers.15.self_attn.o_proj.weight": 0.12758445739746094}
{"model.layers.15.mlp.gate_proj.weight": 0.10720682144165039}
{"model.layers.15.mlp.up_proj.weight": 0.1052250862121582}
{"model.layers.15.mlp.down_proj.weight": 0.12264764308929443}
{"model.layers.16.self_attn.q_proj.weight": 0.04910707473754883}
{"model.layers.16.self_attn.k_proj.weight": 0.03488588333129883}
{"model.layers.16.self_attn.v_proj.weight": 0.13868331909179688}
{"model.layers.16.self_attn.o_proj.weight": 0.12673187255859375}
{"model.layers.16.mlp.gate_proj.weight": 0.11984634399414062}
{"model.layers.16.mlp.up_proj.weight": 0.1593017578125}
{"model.layers.16.mlp.down_proj.weight": 0.14580059051513672}
{"model.layers.17.self_attn.q_proj.weight": 0.0520172119140625}
{"model.layers.17.self_attn.k_proj.weight": 0.04091835021972656}
{"model.layers.17.self_attn.v_proj.weight": 0.17889404296875}
{"model.layers.17.self_attn.o_proj.weight": 0.15743637084960938}
{"model.layers.17.mlp.gate_proj.weight": 0.12881851196289062}
{"model.layers.17.mlp.up_proj.weight": 0.1424102783203125}
{"model.layers.17.mlp.down_proj.weight": 0.11410331726074219}
{"model.layers.18.self_attn.q_proj.weight": 0.085662841796875}
{"model.layers.18.self_attn.k_proj.weight": 0.093292236328125}
{"model.layers.18.self_attn.v_proj.weight": 0.30810546875}
{"model.layers.18.self_attn.o_proj.weight": 0.2830810546875}
