{"model.layers.0.self_attn.q_proj.weight": 0.09365320205688477}
{"model.layers.0.self_attn.k_proj.weight": 0.13955682516098022}
{"model.layers.0.self_attn.v_proj.weight": 4.637981176376343}
{"model.layers.0.self_attn.o_proj.weight": 3.5096575021743774}
{"model.layers.0.mlp.gate_proj.weight": 0.21832364797592163}
{"model.layers.0.mlp.up_proj.weight": 0.3630479574203491}
{"model.layers.0.mlp.down_proj.weight": 1.1453936100006104}
{"model.layers.1.self_attn.q_proj.weight": 0.006836354732513428}
{"model.layers.1.self_attn.k_proj.weight": 0.006470918655395508}
{"model.layers.1.self_attn.v_proj.weight": 1.3232913613319397}
{"model.layers.1.self_attn.o_proj.weight": 0.19659101963043213}
{"model.layers.1.mlp.gate_proj.weight": 1.3822373747825623}
{"model.layers.1.mlp.up_proj.weight": 2.7365896701812744}
{"model.layers.1.mlp.down_proj.weight": 0.8945613503456116}
{"model.layers.2.self_attn.q_proj.weight": 0.06096923351287842}
{"model.layers.2.self_attn.k_proj.weight": 0.06807947158813477}
{"model.layers.2.self_attn.v_proj.weight": 1.2259830236434937}
{"model.layers.2.self_attn.o_proj.weight": 0.4146432876586914}
{"model.layers.2.mlp.gate_proj.weight": 1.8337931632995605}
{"model.layers.2.mlp.up_proj.weight": 3.777597486972809}
{"model.layers.2.mlp.down_proj.weight": 2.585969090461731}
{"model.layers.3.self_attn.q_proj.weight": 0.04747837781906128}
{"model.layers.3.self_attn.k_proj.weight": 0.07424068450927734}
{"model.layers.3.self_attn.v_proj.weight": 1.6632546782493591}
{"model.layers.3.self_attn.o_proj.weight": 0.6975566148757935}
{"model.layers.3.mlp.gate_proj.weight": 1.4281716346740723}
{"model.layers.3.mlp.up_proj.weight": 2.902556598186493}
{"model.layers.3.mlp.down_proj.weight": 3.4876481890678406}
{"model.layers.4.self_attn.q_proj.weight": 0.11455386877059937}
{"model.layers.4.self_attn.k_proj.weight": 0.20850682258605957}
{"model.layers.4.self_attn.v_proj.weight": 0.9445664286613464}
{"model.layers.4.self_attn.o_proj.weight": 0.3624269962310791}
{"model.layers.4.mlp.gate_proj.weight": 0.8449022769927979}
{"model.layers.4.mlp.up_proj.weight": 1.9318844676017761}
{"model.layers.4.mlp.down_proj.weight": 1.3953428268432617}
{"model.layers.5.self_attn.q_proj.weight": 0.26963138580322266}
{"model.layers.5.self_attn.k_proj.weight": 0.37663716077804565}
{"model.layers.5.self_attn.v_proj.weight": 1.3056175112724304}
{"model.layers.5.self_attn.o_proj.weight": 0.5930966138839722}
{"model.layers.5.mlp.gate_proj.weight": 1.8941777348518372}
{"model.layers.5.mlp.up_proj.weight": 3.067745327949524}
{"model.layers.5.mlp.down_proj.weight": 2.002925753593445}
{"model.layers.6.self_attn.q_proj.weight": 0.19459748268127441}
{"model.layers.6.self_attn.k_proj.weight": 0.47295403480529785}
{"model.layers.6.self_attn.v_proj.weight": 1.2944667339324951}
{"model.layers.6.self_attn.o_proj.weight": 0.3424341678619385}
{"model.layers.6.mlp.gate_proj.weight": 1.7828559875488281}
{"model.layers.6.mlp.up_proj.weight": 2.7434241771698}
{"model.layers.6.mlp.down_proj.weight": 1.2875098586082458}
{"model.layers.7.self_attn.q_proj.weight": 0.2368077039718628}
{"model.layers.7.self_attn.k_proj.weight": 0.37142932415008545}
{"model.layers.7.self_attn.v_proj.weight": 1.4360912442207336}
{"model.layers.7.self_attn.o_proj.weight": 0.6995086669921875}
{"model.layers.7.mlp.gate_proj.weight": 1.0465770959854126}
{"model.layers.7.mlp.up_proj.weight": 1.1869677901268005}
{"model.layers.7.mlp.down_proj.weight": 1.958438754081726}
{"model.layers.8.self_attn.q_proj.weight": 0.3048076629638672}
{"model.layers.8.self_attn.k_proj.weight": 0.5481469631195068}
{"model.layers.8.self_attn.v_proj.weight": 1.2437121868133545}
{"model.layers.8.self_attn.o_proj.weight": 0.9911430478096008}
{"model.layers.8.mlp.gate_proj.weight": 1.0882918238639832}
{"model.layers.8.mlp.up_proj.weight": 1.0189565420150757}
{"model.layers.8.mlp.down_proj.weight": 1.7829671502113342}
{"model.layers.9.self_attn.q_proj.weight": 0.16713744401931763}
{"model.layers.9.self_attn.k_proj.weight": 0.2807047367095947}
{"model.layers.9.self_attn.v_proj.weight": 1.1821010112762451}
{"model.layers.9.self_attn.o_proj.weight": 0.7007446885108948}
{"model.layers.9.mlp.gate_proj.weight": 1.365946352481842}
{"model.layers.9.mlp.up_proj.weight": 2.2140994668006897}
{"model.layers.9.mlp.down_proj.weight": 2.0503175854682922}
{"model.layers.10.self_attn.q_proj.weight": 0.2541935443878174}
{"model.layers.10.self_attn.k_proj.weight": 0.49978798627853394}
{"model.layers.10.self_attn.v_proj.weight": 1.2384307980537415}
{"model.layers.10.self_attn.o_proj.weight": 0.657598078250885}
{"model.layers.10.mlp.gate_proj.weight": 1.3915991187095642}
{"model.layers.10.mlp.up_proj.weight": 1.4250595569610596}
{"model.layers.10.mlp.down_proj.weight": 1.9310026168823242}
{"model.layers.11.self_attn.q_proj.weight": 0.379119873046875}
{"model.layers.11.self_attn.k_proj.weight": 0.6695423126220703}
{"model.layers.11.self_attn.v_proj.weight": 1.2211028337478638}
{"model.layers.11.self_attn.o_proj.weight": 0.8626932501792908}
{"model.layers.11.mlp.gate_proj.weight": 1.4185887575149536}
{"model.layers.11.mlp.up_proj.weight": 1.3074625730514526}
{"model.layers.11.mlp.down_proj.weight": 1.6714863181114197}
{"model.layers.12.self_attn.q_proj.weight": 0.3073030710220337}
{"model.layers.12.self_attn.k_proj.weight": 0.40134501457214355}
{"model.layers.12.self_attn.v_proj.weight": 1.2585092782974243}
{"model.layers.12.self_attn.o_proj.weight": 0.8372058868408203}
{"model.layers.12.mlp.gate_proj.weight": 0.9789204001426697}
{"model.layers.12.mlp.up_proj.weight": 0.8366186022758484}
{"model.layers.12.mlp.down_proj.weight": 1.1825447082519531}
{"model.layers.13.self_attn.q_proj.weight": 0.3336794376373291}
{"model.layers.13.self_attn.k_proj.weight": 0.5020559430122375}
{"model.layers.13.self_attn.v_proj.weight": 2.3155677318573}
{"model.layers.13.self_attn.o_proj.weight": 1.38214111328125}
{"model.layers.13.mlp.gate_proj.weight": 1.417633056640625}
{"model.layers.13.mlp.up_proj.weight": 1.356048583984375}
{"model.layers.13.mlp.down_proj.weight": 1.8587952256202698}
{"model.layers.14.self_attn.q_proj.weight": 0.23639297485351562}
{"model.layers.14.self_attn.k_proj.weight": 0.23623579740524292}
{"model.layers.14.self_attn.v_proj.weight": 1.5304002165794373}
{"model.layers.14.self_attn.o_proj.weight": 0.9775962829589844}
{"model.layers.14.mlp.gate_proj.weight": 0.938448965549469}
{"model.layers.14.mlp.up_proj.weight": 0.9214896559715271}
{"model.layers.14.mlp.down_proj.weight": 0.9995975494384766}
{"model.layers.15.self_attn.q_proj.weight": 0.5426802039146423}
{"model.layers.15.self_attn.k_proj.weight": 1.181011974811554}
{"model.layers.15.self_attn.v_proj.weight": 1.8133906126022339}
{"model.layers.15.self_attn.o_proj.weight": 0.5865684747695923}
{"model.layers.15.mlp.gate_proj.weight": 0.8489952087402344}
{"model.layers.15.mlp.up_proj.weight": 0.6995812058448792}
{"model.layers.15.mlp.down_proj.weight": 0.7590314149856567}
{"model.layers.16.self_attn.q_proj.weight": 0.45587682723999023}
{"model.layers.16.self_attn.k_proj.weight": 0.42238306999206543}
{"model.layers.16.self_attn.v_proj.weight": 1.8107548952102661}
{"model.layers.16.self_attn.o_proj.weight": 1.1388152837753296}
{"model.layers.16.mlp.gate_proj.weight": 1.4081128239631653}
{"model.layers.16.mlp.up_proj.weight": 1.2228026986122131}
{"model.layers.16.mlp.down_proj.weight": 1.04886794090271}
{"model.layers.17.self_attn.q_proj.weight": 0.7532328367233276}
{"model.layers.17.self_attn.k_proj.weight": 0.750723123550415}
{"model.layers.17.self_attn.v_proj.weight": 2.373014211654663}
{"model.layers.17.self_attn.o_proj.weight": 1.2344825863838196}
{"model.layers.17.mlp.gate_proj.weight": 1.8611930012702942}
{"model.layers.17.mlp.up_proj.weight": 2.2009642720222473}
{"model.layers.17.mlp.down_proj.weight": 1.0540266036987305}
{"model.layers.18.self_attn.q_proj.weight": 0.28067147731781006}
{"model.layers.18.self_attn.k_proj.weight": 0.8516084551811218}
{"model.layers.18.self_attn.v_proj.weight": 2.358774185180664}
