{"model.layers.0.self_attn.q_proj.weight": 0.010728418827056885}
{"model.layers.0.self_attn.k_proj.weight": 0.033039093017578125}
{"model.layers.0.self_attn.v_proj.weight": 1.5733470916748047}
{"model.layers.0.self_attn.o_proj.weight": 0.7534204125404358}
{"model.layers.0.mlp.gate_proj.weight": 0.0230560302734375}
{"model.layers.0.mlp.up_proj.weight": 0.038055419921875}
{"model.layers.0.mlp.down_proj.weight": 0.2370610237121582}
{"model.layers.1.self_attn.q_proj.weight": 9.757280349731445e-05}
{"model.layers.1.self_attn.k_proj.weight": 0.00013655424118041992}
{"model.layers.1.self_attn.v_proj.weight": 0.034066736698150635}
{"model.layers.1.self_attn.o_proj.weight": 0.0492095947265625}
{"model.layers.1.mlp.gate_proj.weight": 1.5083096623420715}
{"model.layers.1.mlp.up_proj.weight": 0.3799854516983032}
{"model.layers.1.mlp.down_proj.weight": 0.0032692551612854004}
{"model.layers.2.self_attn.q_proj.weight": 1.9311904907226562e-05}
{"model.layers.2.self_attn.k_proj.weight": 2.0623207092285156e-05}
{"model.layers.2.self_attn.v_proj.weight": 0.00864410400390625}
{"model.layers.2.self_attn.o_proj.weight": 0.0002295970916748047}
{"model.layers.2.mlp.gate_proj.weight": 0.02863001823425293}
{"model.layers.2.mlp.up_proj.weight": 0.018738150596618652}
{"model.layers.2.mlp.down_proj.weight": 2.9290051460266113}
{"model.layers.3.self_attn.q_proj.weight": 0.0108795166015625}
{"model.layers.3.self_attn.k_proj.weight": 0.02119457721710205}
{"model.layers.3.self_attn.v_proj.weight": 0.09045451879501343}
{"model.layers.3.self_attn.o_proj.weight": 0.07781982421875}
{"model.layers.3.mlp.gate_proj.weight": 0.22376161813735962}
{"model.layers.3.mlp.up_proj.weight": 0.24524664878845215}
{"model.layers.3.mlp.down_proj.weight": 0.2531963586807251}
{"model.layers.4.self_attn.q_proj.weight": 0.02286529541015625}
{"model.layers.4.self_attn.k_proj.weight": 0.0483245849609375}
{"model.layers.4.self_attn.v_proj.weight": 0.25396728515625}
{"model.layers.4.self_attn.o_proj.weight": 0.115966796875}
{"model.layers.4.mlp.gate_proj.weight": 0.421142578125}
{"model.layers.4.mlp.up_proj.weight": 0.69873046875}
{"model.layers.4.mlp.down_proj.weight": 0.27349853515625}
{"model.layers.5.self_attn.q_proj.weight": 0.004672884941101074}
{"model.layers.5.self_attn.k_proj.weight": 0.010172784328460693}
{"model.layers.5.self_attn.v_proj.weight": 0.023102521896362305}
{"model.layers.5.self_attn.o_proj.weight": 0.0036706924438476562}
{"model.layers.5.mlp.gate_proj.weight": 0.05931049585342407}
{"model.layers.5.mlp.up_proj.weight": 0.12320148944854736}
{"model.layers.5.mlp.down_proj.weight": 0.06279629468917847}
{"model.layers.6.self_attn.q_proj.weight": 0.035555362701416016}
{"model.layers.6.self_attn.k_proj.weight": 0.05912303924560547}
{"model.layers.6.self_attn.v_proj.weight": 0.1764822006225586}
{"model.layers.6.self_attn.o_proj.weight": 0.10587692260742188}
{"model.layers.6.mlp.gate_proj.weight": 0.3705883026123047}
{"model.layers.6.mlp.up_proj.weight": 0.7287830710411072}
{"model.layers.6.mlp.down_proj.weight": 0.29683494567871094}
{"model.layers.7.self_attn.q_proj.weight": 0.010675668716430664}
{"model.layers.7.self_attn.k_proj.weight": 0.02258777618408203}
{"model.layers.7.self_attn.v_proj.weight": 0.08218955993652344}
{"model.layers.7.self_attn.o_proj.weight": 0.037357985973358154}
{"model.layers.7.mlp.gate_proj.weight": 0.23881149291992188}
{"model.layers.7.mlp.up_proj.weight": 0.3445281982421875}
{"model.layers.7.mlp.down_proj.weight": 0.24372100830078125}
{"model.layers.8.self_attn.q_proj.weight": 0.043892860412597656}
{"model.layers.8.self_attn.k_proj.weight": 0.07710456848144531}
{"model.layers.8.self_attn.v_proj.weight": 0.22016525268554688}
{"model.layers.8.self_attn.o_proj.weight": 0.12113332748413086}
{"model.layers.8.mlp.gate_proj.weight": 0.5403976440429688}
{"model.layers.8.mlp.up_proj.weight": 0.8769378662109375}
{"model.layers.8.mlp.down_proj.weight": 0.706939697265625}
{"model.layers.9.self_attn.q_proj.weight": 0.088287353515625}
{"model.layers.9.self_attn.k_proj.weight": 0.165985107421875}
{"model.layers.9.self_attn.v_proj.weight": 0.368133544921875}
{"model.layers.9.self_attn.o_proj.weight": 0.181640625}
{"model.layers.9.mlp.gate_proj.weight": 0.6527099609375}
{"model.layers.9.mlp.up_proj.weight": 1.28125}
{"model.layers.9.mlp.down_proj.weight": 0.678466796875}
{"model.layers.10.self_attn.q_proj.weight": 0.082855224609375}
{"model.layers.10.self_attn.k_proj.weight": 0.1100311279296875}
{"model.layers.10.self_attn.v_proj.weight": 0.33026123046875}
{"model.layers.10.self_attn.o_proj.weight": 0.192169189453125}
{"model.layers.10.mlp.gate_proj.weight": 0.6368408203125}
{"model.layers.10.mlp.up_proj.weight": 1.269287109375}
{"model.layers.10.mlp.down_proj.weight": 0.676513671875}
{"model.layers.11.self_attn.q_proj.weight": 0.08335542678833008}
{"model.layers.11.self_attn.k_proj.weight": 0.13195323944091797}
{"model.layers.11.self_attn.v_proj.weight": 0.1608409881591797}
{"model.layers.11.self_attn.o_proj.weight": 0.14697694778442383}
{"model.layers.11.mlp.gate_proj.weight": 0.2705059051513672}
{"model.layers.11.mlp.up_proj.weight": 0.41136932373046875}
{"model.layers.11.mlp.down_proj.weight": 0.37575531005859375}
{"model.layers.12.self_attn.q_proj.weight": 0.123565673828125}
{"model.layers.12.self_attn.k_proj.weight": 0.1324462890625}
{"model.layers.12.self_attn.v_proj.weight": 0.307891845703125}
{"model.layers.12.self_attn.o_proj.weight": 0.309112548828125}
{"model.layers.12.mlp.gate_proj.weight": 0.44866943359375}
{"model.layers.12.mlp.up_proj.weight": 0.73077392578125}
{"model.layers.12.mlp.down_proj.weight": 0.601226806640625}
{"model.layers.13.self_attn.q_proj.weight": 0.16400259733200073}
{"model.layers.13.self_attn.k_proj.weight": 0.10668975114822388}
{"model.layers.13.self_attn.v_proj.weight": 0.20910829305648804}
{"model.layers.13.self_attn.o_proj.weight": 0.109710693359375}
{"model.layers.13.mlp.gate_proj.weight": 0.2811279892921448}
{"model.layers.13.mlp.up_proj.weight": 0.3150636553764343}
{"model.layers.13.mlp.down_proj.weight": 0.3240966796875}
{"model.layers.14.self_attn.q_proj.weight": 0.130279541015625}
{"model.layers.14.self_attn.k_proj.weight": 0.23193365335464478}
{"model.layers.14.self_attn.v_proj.weight": 0.3690185546875}
{"model.layers.14.self_attn.o_proj.weight": 0.340087890625}
{"model.layers.14.mlp.gate_proj.weight": 0.3531494140625}
{"model.layers.14.mlp.up_proj.weight": 0.4244384765625}
{"model.layers.14.mlp.down_proj.weight": 0.4517822265625}
{"model.layers.15.self_attn.q_proj.weight": 0.17891693115234375}
{"model.layers.15.self_attn.k_proj.weight": 0.1693572998046875}
{"model.layers.15.self_attn.v_proj.weight": 0.445709228515625}
{"model.layers.15.self_attn.o_proj.weight": 0.43670654296875}
{"model.layers.15.mlp.gate_proj.weight": 0.41021728515625}
{"model.layers.15.mlp.up_proj.weight": 0.41424560546875}
{"model.layers.15.mlp.down_proj.weight": 0.4609375}
{"model.layers.16.self_attn.q_proj.weight": 0.09162759780883789}
{"model.layers.16.self_attn.k_proj.weight": 0.09221792221069336}
{"model.layers.16.self_attn.v_proj.weight": 0.39382171630859375}
{"model.layers.16.self_attn.o_proj.weight": 0.3488140106201172}
{"model.layers.16.mlp.gate_proj.weight": 0.4079289436340332}
{"model.layers.16.mlp.up_proj.weight": 0.48220157623291016}
{"model.layers.16.mlp.down_proj.weight": 0.49450206756591797}
{"model.layers.17.self_attn.q_proj.weight": 0.218109130859375}
{"model.layers.17.self_attn.k_proj.weight": 0.156005859375}
{"model.layers.17.self_attn.v_proj.weight": 0.52587890625}
{"model.layers.17.self_attn.o_proj.weight": 0.4173583984375}
{"model.layers.17.mlp.gate_proj.weight": 0.3448486328125}
{"model.layers.17.mlp.up_proj.weight": 0.3609619140625}
{"model.layers.17.mlp.down_proj.weight": 0.3489990234375}
{"model.layers.18.self_attn.q_proj.weight": 0.12191402912139893}
{"model.layers.18.self_attn.k_proj.weight": 0.1518850326538086}
{"model.layers.18.self_attn.v_proj.weight": 0.5600423812866211}
