{"model.layers.0.self_attn.q_proj.weight": 0.02847611904144287}
{"model.layers.0.self_attn.k_proj.weight": 0.06377112865447998}
{"model.layers.0.self_attn.v_proj.weight": 5.001561522483826}
{"model.layers.0.self_attn.o_proj.weight": 2.2915196418762207}
{"model.layers.0.mlp.gate_proj.weight": 0.07646059989929199}
{"model.layers.0.mlp.up_proj.weight": 0.11499100923538208}
{"model.layers.0.mlp.down_proj.weight": 0.579041600227356}
{"model.layers.1.self_attn.q_proj.weight": 0.001946866512298584}
{"model.layers.1.self_attn.k_proj.weight": 0.00284653902053833}
{"model.layers.1.self_attn.v_proj.weight": 0.3559635877609253}
{"model.layers.1.self_attn.o_proj.weight": 0.578338623046875}
{"model.layers.1.mlp.gate_proj.weight": 5.835675239562988}
{"model.layers.1.mlp.up_proj.weight": 2.5232852697372437}
{"model.layers.1.mlp.down_proj.weight": 0.08433729410171509}
{"model.layers.2.self_attn.q_proj.weight": 5.8710575103759766e-05}
{"model.layers.2.self_attn.k_proj.weight": 4.5299530029296875e-05}
{"model.layers.2.self_attn.v_proj.weight": 0.02842426300048828}
{"model.layers.2.self_attn.o_proj.weight": 0.0010015368461608887}
{"model.layers.2.mlp.gate_proj.weight": 0.10123610496520996}
{"model.layers.2.mlp.up_proj.weight": 0.07344222068786621}
{"model.layers.2.mlp.down_proj.weight": 9.83879566192627}
{"model.layers.3.self_attn.q_proj.weight": 0.19406920671463013}
{"model.layers.3.self_attn.k_proj.weight": 0.29579007625579834}
{"model.layers.3.self_attn.v_proj.weight": 0.8294824361801147}
{"model.layers.3.self_attn.o_proj.weight": 0.6648774147033691}
{"model.layers.3.mlp.gate_proj.weight": 2.6730241775512695}
{"model.layers.3.mlp.up_proj.weight": 2.7997647523880005}
{"model.layers.3.mlp.down_proj.weight": 2.7120702862739563}
{"model.layers.4.self_attn.q_proj.weight": 0.1511867642402649}
{"model.layers.4.self_attn.k_proj.weight": 0.3213919401168823}
{"model.layers.4.self_attn.v_proj.weight": 1.4974889755249023}
{"model.layers.4.self_attn.o_proj.weight": 0.7237634658813477}
{"model.layers.4.mlp.gate_proj.weight": 2.175546705722809}
{"model.layers.4.mlp.up_proj.weight": 3.5926342606544495}
{"model.layers.4.mlp.down_proj.weight": 1.3038082122802734}
{"model.layers.5.self_attn.q_proj.weight": 0.2693306803703308}
{"model.layers.5.self_attn.k_proj.weight": 0.3670867681503296}
{"model.layers.5.self_attn.v_proj.weight": 0.9949222803115845}
{"model.layers.5.self_attn.o_proj.weight": 0.33840012550354004}
{"model.layers.5.mlp.gate_proj.weight": 2.128873109817505}
{"model.layers.5.mlp.up_proj.weight": 3.716106951236725}
{"model.layers.5.mlp.down_proj.weight": 1.3376206159591675}
{"model.layers.6.self_attn.q_proj.weight": 0.13563793897628784}
{"model.layers.6.self_attn.k_proj.weight": 0.262495756149292}
{"model.layers.6.self_attn.v_proj.weight": 0.6393918991088867}
{"model.layers.6.self_attn.o_proj.weight": 0.36305421590805054}
{"model.layers.6.mlp.gate_proj.weight": 1.488164484500885}
{"model.layers.6.mlp.up_proj.weight": 2.8398700952529907}
{"model.layers.6.mlp.down_proj.weight": 1.073864221572876}
{"model.layers.7.self_attn.q_proj.weight": 0.07076239585876465}
{"model.layers.7.self_attn.k_proj.weight": 0.10861295461654663}
{"model.layers.7.self_attn.v_proj.weight": 0.5087910890579224}
{"model.layers.7.self_attn.o_proj.weight": 0.23103338479995728}
{"model.layers.7.mlp.gate_proj.weight": 1.5874340534210205}
{"model.layers.7.mlp.up_proj.weight": 2.551527202129364}
{"model.layers.7.mlp.down_proj.weight": 1.8925999402999878}
{"model.layers.8.self_attn.q_proj.weight": 0.11616659164428711}
{"model.layers.8.self_attn.k_proj.weight": 0.23444563150405884}
{"model.layers.8.self_attn.v_proj.weight": 0.8268947601318359}
{"model.layers.8.self_attn.o_proj.weight": 0.43109017610549927}
{"model.layers.8.mlp.gate_proj.weight": 1.926491618156433}
{"model.layers.8.mlp.up_proj.weight": 3.0141997933387756}
{"model.layers.8.mlp.down_proj.weight": 2.0089035034179688}
{"model.layers.9.self_attn.q_proj.weight": 0.14008265733718872}
{"model.layers.9.self_attn.k_proj.weight": 0.2774997353553772}
{"model.layers.9.self_attn.v_proj.weight": 0.8299347162246704}
{"model.layers.9.self_attn.o_proj.weight": 0.41294246912002563}
{"model.layers.9.mlp.gate_proj.weight": 1.9404742121696472}
{"model.layers.9.mlp.up_proj.weight": 3.291935384273529}
{"model.layers.9.mlp.down_proj.weight": 1.7386114001274109}
{"model.layers.10.self_attn.q_proj.weight": 0.16256362199783325}
{"model.layers.10.self_attn.k_proj.weight": 0.24651390314102173}
{"model.layers.10.self_attn.v_proj.weight": 0.8714346885681152}
{"model.layers.10.self_attn.o_proj.weight": 0.409393310546875}
{"model.layers.10.mlp.gate_proj.weight": 1.8316713571548462}
{"model.layers.10.mlp.up_proj.weight": 3.4502042531967163}
{"model.layers.10.mlp.down_proj.weight": 2.123535692691803}
{"model.layers.11.self_attn.q_proj.weight": 0.2593444585800171}
{"model.layers.11.self_attn.k_proj.weight": 0.4294573664665222}
{"model.layers.11.self_attn.v_proj.weight": 0.8354948163032532}
{"model.layers.11.self_attn.o_proj.weight": 0.6641473770141602}
{"model.layers.11.mlp.gate_proj.weight": 1.384381115436554}
{"model.layers.11.mlp.up_proj.weight": 2.090100049972534}
{"model.layers.11.mlp.down_proj.weight": 1.794734001159668}
{"model.layers.12.self_attn.q_proj.weight": 0.5078268051147461}
{"model.layers.12.self_attn.k_proj.weight": 0.5917348861694336}
{"model.layers.12.self_attn.v_proj.weight": 1.3104333281517029}
{"model.layers.12.self_attn.o_proj.weight": 1.1460247039794922}
{"model.layers.12.mlp.gate_proj.weight": 1.9246559143066406}
{"model.layers.12.mlp.up_proj.weight": 3.1481218338012695}
{"model.layers.12.mlp.down_proj.weight": 2.549699604511261}
{"model.layers.13.self_attn.q_proj.weight": 0.9685758352279663}
{"model.layers.13.self_attn.k_proj.weight": 0.8447121977806091}
{"model.layers.13.self_attn.v_proj.weight": 0.9715820550918579}
{"model.layers.13.self_attn.o_proj.weight": 0.4910278916358948}
{"model.layers.13.mlp.gate_proj.weight": 1.5909804701805115}
{"model.layers.13.mlp.up_proj.weight": 1.6488959789276123}
{"model.layers.13.mlp.down_proj.weight": 1.9170026779174805}
{"model.layers.14.self_attn.q_proj.weight": 0.45340198278427124}
{"model.layers.14.self_attn.k_proj.weight": 0.6141095757484436}
{"model.layers.14.self_attn.v_proj.weight": 1.2047966718673706}
{"model.layers.14.self_attn.o_proj.weight": 1.0465103387832642}
{"model.layers.14.mlp.gate_proj.weight": 1.3491732478141785}
{"model.layers.14.mlp.up_proj.weight": 1.5148079991340637}
{"model.layers.14.mlp.down_proj.weight": 1.5986262559890747}
{"model.layers.15.self_attn.q_proj.weight": 0.5843132138252258}
{"model.layers.15.self_attn.k_proj.weight": 0.7660534381866455}
{"model.layers.15.self_attn.v_proj.weight": 1.5548470616340637}
{"model.layers.15.self_attn.o_proj.weight": 1.4596725702285767}
{"model.layers.15.mlp.gate_proj.weight": 1.526601791381836}
{"model.layers.15.mlp.up_proj.weight": 1.4652400612831116}
{"model.layers.15.mlp.down_proj.weight": 1.6275365948677063}
{"model.layers.16.self_attn.q_proj.weight": 0.4451097249984741}
{"model.layers.16.self_attn.k_proj.weight": 0.3219029903411865}
{"model.layers.16.self_attn.v_proj.weight": 1.0761829018592834}
{"model.layers.16.self_attn.o_proj.weight": 1.0309960842132568}
{"model.layers.16.mlp.gate_proj.weight": 1.4069643020629883}
{"model.layers.16.mlp.up_proj.weight": 1.7634811997413635}
{"model.layers.16.mlp.down_proj.weight": 1.6240348815917969}
{"model.layers.17.self_attn.q_proj.weight": 0.5102448463439941}
{"model.layers.17.self_attn.k_proj.weight": 0.47406578063964844}
{"model.layers.17.self_attn.v_proj.weight": 1.9515914916992188}
{"model.layers.17.self_attn.o_proj.weight": 1.7070579528808594}
{"model.layers.17.mlp.gate_proj.weight": 1.5656981468200684}
{"model.layers.17.mlp.up_proj.weight": 1.6960968971252441}
{"model.layers.17.mlp.down_proj.weight": 1.538623571395874}
{"model.layers.18.self_attn.q_proj.weight": 0.3700409531593323}
{"model.layers.18.self_attn.k_proj.weight": 0.5140194296836853}
