{"model.layers.0.self_attn.q_proj.weight": 0.12061935663223267}
{"model.layers.0.self_attn.k_proj.weight": 0.2038494348526001}
{"model.layers.0.self_attn.v_proj.weight": 9.523336708545685}
{"model.layers.0.self_attn.o_proj.weight": 4.195733428001404}
{"model.layers.0.mlp.gate_proj.weight": 0.12997156381607056}
{"model.layers.0.mlp.up_proj.weight": 0.2007887363433838}
{"model.layers.0.mlp.down_proj.weight": 1.1145991683006287}
{"model.layers.1.self_attn.q_proj.weight": 0.002299785614013672}
{"model.layers.1.self_attn.k_proj.weight": 0.0037622451782226562}
{"model.layers.1.self_attn.v_proj.weight": 0.48430299758911133}
{"model.layers.1.self_attn.o_proj.weight": 0.8040357828140259}
{"model.layers.1.mlp.gate_proj.weight": 9.097074091434479}
{"model.layers.1.mlp.up_proj.weight": 4.013221621513367}
{"model.layers.1.mlp.down_proj.weight": 0.08646583557128906}
{"model.layers.2.self_attn.q_proj.weight": 0.0002452731132507324}
{"model.layers.2.self_attn.k_proj.weight": 0.00017136335372924805}
{"model.layers.2.self_attn.v_proj.weight": 0.06598538160324097}
{"model.layers.2.self_attn.o_proj.weight": 0.0038019418716430664}
{"model.layers.2.mlp.gate_proj.weight": 0.25487691164016724}
{"model.layers.2.mlp.up_proj.weight": 0.19262582063674927}
{"model.layers.2.mlp.down_proj.weight": 20.008617103099823}
{"model.layers.3.self_attn.q_proj.weight": 0.4101228713989258}
{"model.layers.3.self_attn.k_proj.weight": 0.524760901927948}
{"model.layers.3.self_attn.v_proj.weight": 1.3998095393180847}
{"model.layers.3.self_attn.o_proj.weight": 1.0782608389854431}
{"model.layers.3.mlp.gate_proj.weight": 4.380846619606018}
{"model.layers.3.mlp.up_proj.weight": 4.5240925550460815}
{"model.layers.3.mlp.down_proj.weight": 4.48945027589798}
{"model.layers.4.self_attn.q_proj.weight": 0.19691884517669678}
{"model.layers.4.self_attn.k_proj.weight": 0.42192280292510986}
{"model.layers.4.self_attn.v_proj.weight": 1.8815065622329712}
{"model.layers.4.self_attn.o_proj.weight": 0.9042742848396301}
{"model.layers.4.mlp.gate_proj.weight": 2.446628153324127}
{"model.layers.4.mlp.up_proj.weight": 4.361810684204102}
{"model.layers.4.mlp.down_proj.weight": 1.968037486076355}
{"model.layers.5.self_attn.q_proj.weight": 0.4234424829483032}
{"model.layers.5.self_attn.k_proj.weight": 0.5824484825134277}
{"model.layers.5.self_attn.v_proj.weight": 1.3488619327545166}
{"model.layers.5.self_attn.o_proj.weight": 0.4750139117240906}
{"model.layers.5.mlp.gate_proj.weight": 3.5540164709091187}
{"model.layers.5.mlp.up_proj.weight": 6.049137353897095}
{"model.layers.5.mlp.down_proj.weight": 2.0570952892303467}
{"model.layers.6.self_attn.q_proj.weight": 0.37620460987091064}
{"model.layers.6.self_attn.k_proj.weight": 0.7898558974266052}
{"model.layers.6.self_attn.v_proj.weight": 1.450872778892517}
{"model.layers.6.self_attn.o_proj.weight": 0.8550994396209717}
{"model.layers.6.mlp.gate_proj.weight": 3.7220555543899536}
{"model.layers.6.mlp.up_proj.weight": 6.176027834415436}
{"model.layers.6.mlp.down_proj.weight": 3.2243159413337708}
{"model.layers.7.self_attn.q_proj.weight": 0.08720141649246216}
{"model.layers.7.self_attn.k_proj.weight": 0.16878348588943481}
{"model.layers.7.self_attn.v_proj.weight": 0.7243187427520752}
{"model.layers.7.self_attn.o_proj.weight": 0.34769392013549805}
{"model.layers.7.mlp.gate_proj.weight": 2.355799913406372}
{"model.layers.7.mlp.up_proj.weight": 3.5494216680526733}
{"model.layers.7.mlp.down_proj.weight": 2.826718509197235}
{"model.layers.8.self_attn.q_proj.weight": 0.22073155641555786}
{"model.layers.8.self_attn.k_proj.weight": 0.4432227611541748}
{"model.layers.8.self_attn.v_proj.weight": 1.330765426158905}
{"model.layers.8.self_attn.o_proj.weight": 0.7271712422370911}
{"model.layers.8.mlp.gate_proj.weight": 3.042395234107971}
{"model.layers.8.mlp.up_proj.weight": 5.1251837611198425}
{"model.layers.8.mlp.down_proj.weight": 3.043829083442688}
{"model.layers.9.self_attn.q_proj.weight": 0.22703814506530762}
{"model.layers.9.self_attn.k_proj.weight": 0.4696419835090637}
{"model.layers.9.self_attn.v_proj.weight": 1.1989458203315735}
{"model.layers.9.self_attn.o_proj.weight": 0.6136776804924011}
{"model.layers.9.mlp.gate_proj.weight": 2.814383864402771}
{"model.layers.9.mlp.up_proj.weight": 4.7729374170303345}
{"model.layers.9.mlp.down_proj.weight": 2.982367157936096}
{"model.layers.10.self_attn.q_proj.weight": 0.2896224856376648}
{"model.layers.10.self_attn.k_proj.weight": 0.4038155674934387}
{"model.layers.10.self_attn.v_proj.weight": 1.020590901374817}
{"model.layers.10.self_attn.o_proj.weight": 0.590385913848877}
{"model.layers.10.mlp.gate_proj.weight": 2.2679938673973083}
{"model.layers.10.mlp.up_proj.weight": 4.409776568412781}
{"model.layers.10.mlp.down_proj.weight": 2.5789868235588074}
{"model.layers.11.self_attn.q_proj.weight": 0.3906915783882141}
{"model.layers.11.self_attn.k_proj.weight": 0.7337917685508728}
{"model.layers.11.self_attn.v_proj.weight": 1.1128121614456177}
{"model.layers.11.self_attn.o_proj.weight": 0.9219471216201782}
{"model.layers.11.mlp.gate_proj.weight": 1.9008687734603882}
{"model.layers.11.mlp.up_proj.weight": 2.681555151939392}
{"model.layers.11.mlp.down_proj.weight": 2.4262109994888306}
{"model.layers.12.self_attn.q_proj.weight": 0.654609739780426}
{"model.layers.12.self_attn.k_proj.weight": 0.7387523651123047}
{"model.layers.12.self_attn.v_proj.weight": 1.5818883776664734}
{"model.layers.12.self_attn.o_proj.weight": 1.4982048273086548}
{"model.layers.12.mlp.gate_proj.weight": 2.355929374694824}
{"model.layers.12.mlp.up_proj.weight": 3.8833938241004944}
{"model.layers.12.mlp.down_proj.weight": 3.2796759009361267}
{"model.layers.13.self_attn.q_proj.weight": 2.136647343635559}
{"model.layers.13.self_attn.k_proj.weight": 2.0060622692108154}
{"model.layers.13.self_attn.v_proj.weight": 1.7489016652107239}
{"model.layers.13.self_attn.o_proj.weight": 0.881195068359375}
{"model.layers.13.mlp.gate_proj.weight": 2.8324714303016663}
{"model.layers.13.mlp.up_proj.weight": 2.982125699520111}
{"model.layers.13.mlp.down_proj.weight": 3.1590988636016846}
{"model.layers.14.self_attn.q_proj.weight": 0.8665971755981445}
{"model.layers.14.self_attn.k_proj.weight": 0.9283418655395508}
{"model.layers.14.self_attn.v_proj.weight": 1.7946659922599792}
{"model.layers.14.self_attn.o_proj.weight": 1.6910476684570312}
{"model.layers.14.mlp.gate_proj.weight": 2.022854447364807}
{"model.layers.14.mlp.up_proj.weight": 2.5108686685562134}
{"model.layers.14.mlp.down_proj.weight": 2.5960803031921387}
{"model.layers.15.self_attn.q_proj.weight": 0.7592695951461792}
{"model.layers.15.self_attn.k_proj.weight": 0.9023652672767639}
{"model.layers.15.self_attn.v_proj.weight": 1.9829347729682922}
{"model.layers.15.self_attn.o_proj.weight": 1.9344512820243835}
{"model.layers.15.mlp.gate_proj.weight": 2.2143757939338684}
{"model.layers.15.mlp.up_proj.weight": 2.281197488307953}
{"model.layers.15.mlp.down_proj.weight": 2.2616047263145447}
{"model.layers.16.self_attn.q_proj.weight": 0.4847170114517212}
{"model.layers.16.self_attn.k_proj.weight": 0.48045414686203003}
{"model.layers.16.self_attn.v_proj.weight": 1.4593673348426819}
{"model.layers.16.self_attn.o_proj.weight": 1.4943630695343018}
{"model.layers.16.mlp.gate_proj.weight": 1.535250723361969}
{"model.layers.16.mlp.up_proj.weight": 1.825821876525879}
{"model.layers.16.mlp.down_proj.weight": 1.9531121253967285}
{"model.layers.17.self_attn.q_proj.weight": 0.9538382291793823}
{"model.layers.17.self_attn.k_proj.weight": 0.8714685440063477}
{"model.layers.17.self_attn.v_proj.weight": 2.818346381187439}
{"model.layers.17.self_attn.o_proj.weight": 2.595500349998474}
{"model.layers.17.mlp.gate_proj.weight": 2.51682186126709}
{"model.layers.17.mlp.up_proj.weight": 2.6619086861610413}
{"model.layers.17.mlp.down_proj.weight": 2.430186092853546}
{"model.layers.18.self_attn.q_proj.weight": 0.6854175329208374}
{"model.layers.18.self_attn.k_proj.weight": 0.9869281649589539}
{"model.layers.18.self_attn.v_proj.weight": 2.3003628253936768}
