{"model.layers.0.self_attn.q_proj.weight": 0.014576733112335205}
{"model.layers.0.self_attn.k_proj.weight": 0.052696287631988525}
{"model.layers.0.self_attn.v_proj.weight": 2.8414145708084106}
{"model.layers.0.self_attn.o_proj.weight": 1.392688512802124}
{"model.layers.0.mlp.gate_proj.weight": 0.03338354825973511}
{"model.layers.0.mlp.up_proj.weight": 0.05670738220214844}
{"model.layers.0.mlp.down_proj.weight": 0.41916966438293457}
{"model.layers.1.self_attn.q_proj.weight": 0.0010883212089538574}
{"model.layers.1.self_attn.k_proj.weight": 0.002454996109008789}
{"model.layers.1.self_attn.v_proj.weight": 0.20249933004379272}
{"model.layers.1.self_attn.o_proj.weight": 0.3428077697753906}
{"model.layers.1.mlp.gate_proj.weight": 3.5322437286376953}
{"model.layers.1.mlp.up_proj.weight": 1.8805444836616516}
{"model.layers.1.mlp.down_proj.weight": 0.032236337661743164}
{"model.layers.2.self_attn.q_proj.weight": 5.6743621826171875e-05}
{"model.layers.2.self_attn.k_proj.weight": 3.212690353393555e-05}
{"model.layers.2.self_attn.v_proj.weight": 0.019994735717773438}
{"model.layers.2.self_attn.o_proj.weight": 0.0017391443252563477}
{"model.layers.2.mlp.gate_proj.weight": 0.07001984119415283}
{"model.layers.2.mlp.up_proj.weight": 0.10829168558120728}
{"model.layers.2.mlp.down_proj.weight": 7.759832322597504}
{"model.layers.3.self_attn.q_proj.weight": 0.17219561338424683}
{"model.layers.3.self_attn.k_proj.weight": 0.20579588413238525}
{"model.layers.3.self_attn.v_proj.weight": 0.6292462348937988}
{"model.layers.3.self_attn.o_proj.weight": 0.481414794921875}
{"model.layers.3.mlp.gate_proj.weight": 2.1025981307029724}
{"model.layers.3.mlp.up_proj.weight": 2.37872451543808}
{"model.layers.3.mlp.down_proj.weight": 1.93929123878479}
{"model.layers.4.self_attn.q_proj.weight": 0.11996924877166748}
{"model.layers.4.self_attn.k_proj.weight": 0.2026045322418213}
{"model.layers.4.self_attn.v_proj.weight": 0.8179523348808289}
{"model.layers.4.self_attn.o_proj.weight": 0.30615246295928955}
{"model.layers.4.mlp.gate_proj.weight": 1.1596868634223938}
{"model.layers.4.mlp.up_proj.weight": 1.5822176337242126}
{"model.layers.4.mlp.down_proj.weight": 0.40718019008636475}
{"model.layers.5.self_attn.q_proj.weight": 0.1645914912223816}
{"model.layers.5.self_attn.k_proj.weight": 0.21353214979171753}
{"model.layers.5.self_attn.v_proj.weight": 0.5974491238594055}
{"model.layers.5.self_attn.o_proj.weight": 0.16775786876678467}
{"model.layers.5.mlp.gate_proj.weight": 1.0107508897781372}
{"model.layers.5.mlp.up_proj.weight": 1.8795828819274902}
{"model.layers.5.mlp.down_proj.weight": 0.5452947020530701}
{"model.layers.6.self_attn.q_proj.weight": 0.13278645277023315}
{"model.layers.6.self_attn.k_proj.weight": 0.21967238187789917}
{"model.layers.6.self_attn.v_proj.weight": 0.6025245785713196}
{"model.layers.6.self_attn.o_proj.weight": 0.3533918261528015}
{"model.layers.6.mlp.gate_proj.weight": 1.067062258720398}
{"model.layers.6.mlp.up_proj.weight": 2.5095966458320618}
{"model.layers.6.mlp.down_proj.weight": 0.5780250430107117}
{"model.layers.7.self_attn.q_proj.weight": 0.09136199951171875}
{"model.layers.7.self_attn.k_proj.weight": 0.1833648681640625}
{"model.layers.7.self_attn.v_proj.weight": 0.6875}
{"model.layers.7.self_attn.o_proj.weight": 0.3453369140625}
{"model.layers.7.mlp.gate_proj.weight": 1.525027871131897}
{"model.layers.7.mlp.up_proj.weight": 2.739750385284424}
{"model.layers.7.mlp.down_proj.weight": 1.286865234375}
{"model.layers.8.self_attn.q_proj.weight": 0.05585479736328125}
{"model.layers.8.self_attn.k_proj.weight": 0.1156345009803772}
{"model.layers.8.self_attn.v_proj.weight": 0.3850333094596863}
{"model.layers.8.self_attn.o_proj.weight": 0.16182708740234375}
{"model.layers.8.mlp.gate_proj.weight": 0.7627500891685486}
{"model.layers.8.mlp.up_proj.weight": 1.4987550377845764}
{"model.layers.8.mlp.down_proj.weight": 0.7124026417732239}
{"model.layers.9.self_attn.q_proj.weight": 0.05484306812286377}
{"model.layers.9.self_attn.k_proj.weight": 0.09892129898071289}
{"model.layers.9.self_attn.v_proj.weight": 0.33871060609817505}
{"model.layers.9.self_attn.o_proj.weight": 0.1142578125}
{"model.layers.9.mlp.gate_proj.weight": 0.5586082339286804}
{"model.layers.9.mlp.up_proj.weight": 1.2658499479293823}
{"model.layers.9.mlp.down_proj.weight": 0.38891667127609253}
{"model.layers.10.self_attn.q_proj.weight": 0.16149139404296875}
{"model.layers.10.self_attn.k_proj.weight": 0.26397705078125}
{"model.layers.10.self_attn.v_proj.weight": 0.88189697265625}
{"model.layers.10.self_attn.o_proj.weight": 0.35467529296875}
{"model.layers.10.mlp.gate_proj.weight": 1.4151614904403687}
{"model.layers.10.mlp.up_proj.weight": 3.1281744241714478}
{"model.layers.10.mlp.down_proj.weight": 1.210693359375}
{"model.layers.11.self_attn.q_proj.weight": 0.25921523571014404}
{"model.layers.11.self_attn.k_proj.weight": 0.4804346561431885}
{"model.layers.11.self_attn.v_proj.weight": 0.7373667359352112}
{"model.layers.11.self_attn.o_proj.weight": 0.561126708984375}
{"model.layers.11.mlp.gate_proj.weight": 1.0910148620605469}
{"model.layers.11.mlp.up_proj.weight": 1.772949993610382}
{"model.layers.11.mlp.down_proj.weight": 1.3564348220825195}
{"model.layers.12.self_attn.q_proj.weight": 0.18322855234146118}
{"model.layers.12.self_attn.k_proj.weight": 0.18575364351272583}
{"model.layers.12.self_attn.v_proj.weight": 0.4960070848464966}
{"model.layers.12.self_attn.o_proj.weight": 0.4054694175720215}
{"model.layers.12.mlp.gate_proj.weight": 0.6903375387191772}
{"model.layers.12.mlp.up_proj.weight": 1.1511621475219727}
{"model.layers.12.mlp.down_proj.weight": 0.8263237476348877}
{"model.layers.13.self_attn.q_proj.weight": 0.5992162823677063}
{"model.layers.13.self_attn.k_proj.weight": 0.4900652766227722}
{"model.layers.13.self_attn.v_proj.weight": 0.6414121985435486}
{"model.layers.13.self_attn.o_proj.weight": 0.3249359726905823}
{"model.layers.13.mlp.gate_proj.weight": 0.6220196485519409}
{"model.layers.13.mlp.up_proj.weight": 0.7766234278678894}
{"model.layers.13.mlp.down_proj.weight": 0.6166842579841614}
{"model.layers.14.self_attn.q_proj.weight": 0.33902525901794434}
{"model.layers.14.self_attn.k_proj.weight": 0.4689345359802246}
{"model.layers.14.self_attn.v_proj.weight": 1.1498830914497375}
{"model.layers.14.self_attn.o_proj.weight": 0.7455686330795288}
{"model.layers.14.mlp.gate_proj.weight": 0.7650521993637085}
{"model.layers.14.mlp.up_proj.weight": 0.9940221309661865}
{"model.layers.14.mlp.down_proj.weight": 0.9303250908851624}
{"model.layers.15.self_attn.q_proj.weight": 0.6273828744888306}
{"model.layers.15.self_attn.k_proj.weight": 0.8328649997711182}
{"model.layers.15.self_attn.v_proj.weight": 1.671652913093567}
{"model.layers.15.self_attn.o_proj.weight": 1.5382080078125}
{"model.layers.15.mlp.gate_proj.weight": 1.194704532623291}
{"model.layers.15.mlp.up_proj.weight": 1.3266007900238037}
{"model.layers.15.mlp.down_proj.weight": 1.23712158203125}
{"model.layers.16.self_attn.q_proj.weight": 0.23572587966918945}
{"model.layers.16.self_attn.k_proj.weight": 0.33022505044937134}
{"model.layers.16.self_attn.v_proj.weight": 0.7679410576820374}
{"model.layers.16.self_attn.o_proj.weight": 0.72235107421875}
{"model.layers.16.mlp.gate_proj.weight": 0.7299143075942993}
{"model.layers.16.mlp.up_proj.weight": 0.9340023398399353}
{"model.layers.16.mlp.down_proj.weight": 0.8269109129905701}
{"model.layers.17.self_attn.q_proj.weight": 0.6230323314666748}
{"model.layers.17.self_attn.k_proj.weight": 0.7045013904571533}
{"model.layers.17.self_attn.v_proj.weight": 1.6639387607574463}
{"model.layers.17.self_attn.o_proj.weight": 1.4276275634765625}
{"model.layers.17.mlp.gate_proj.weight": 0.9969482421875}
{"model.layers.17.mlp.up_proj.weight": 1.0630114674568176}
{"model.layers.17.mlp.down_proj.weight": 0.9673004150390625}
{"model.layers.18.self_attn.q_proj.weight": 0.2978224754333496}
{"model.layers.18.self_attn.k_proj.weight": 0.4118328094482422}
{"model.layers.18.self_attn.v_proj.weight": 1.0637395977973938}
