{"model.layers.0.self_attn.q_proj.weight": 0.01323699951171875}
{"model.layers.0.self_attn.k_proj.weight": 0.023345947265625}
{"model.layers.0.self_attn.v_proj.weight": 1.0380859375}
{"model.layers.0.self_attn.o_proj.weight": 0.5224609375}
{"model.layers.0.mlp.gate_proj.weight": 0.01308441162109375}
{"model.layers.0.mlp.up_proj.weight": 0.0225830078125}
{"model.layers.0.mlp.down_proj.weight": 0.13525390625}
{"model.layers.1.self_attn.q_proj.weight": 0.0006632804870605469}
{"model.layers.1.self_attn.k_proj.weight": 0.000934600830078125}
{"model.layers.1.self_attn.v_proj.weight": 0.17529296875}
{"model.layers.1.self_attn.o_proj.weight": 0.2607421875}
{"model.layers.1.mlp.gate_proj.weight": 2.947265625}
{"model.layers.1.mlp.up_proj.weight": 1.5068359375}
{"model.layers.1.mlp.down_proj.weight": 0.0269927978515625}
{"model.layers.2.self_attn.q_proj.weight": 1.7642974853515625e-05}
{"model.layers.2.self_attn.k_proj.weight": 1.150369644165039e-05}
{"model.layers.2.self_attn.v_proj.weight": 0.005046844482421875}
{"model.layers.2.self_attn.o_proj.weight": 0.00014829635620117188}
{"model.layers.2.mlp.gate_proj.weight": 0.0198822021484375}
{"model.layers.2.mlp.up_proj.weight": 0.01715087890625}
{"model.layers.2.mlp.down_proj.weight": 1.853515625}
{"model.layers.3.self_attn.q_proj.weight": 0.030364990234375}
{"model.layers.3.self_attn.k_proj.weight": 0.047882080078125}
{"model.layers.3.self_attn.v_proj.weight": 0.197998046875}
{"model.layers.3.self_attn.o_proj.weight": 0.1292724609375}
{"model.layers.3.mlp.gate_proj.weight": 0.65576171875}
{"model.layers.3.mlp.up_proj.weight": 0.78857421875}
{"model.layers.3.mlp.down_proj.weight": 0.599609375}
{"model.layers.4.self_attn.q_proj.weight": 0.0123748779296875}
{"model.layers.4.self_attn.k_proj.weight": 0.0269775390625}
{"model.layers.4.self_attn.v_proj.weight": 0.1561279296875}
{"model.layers.4.self_attn.o_proj.weight": 0.059234619140625}
{"model.layers.4.mlp.gate_proj.weight": 0.2259521484375}
{"model.layers.4.mlp.up_proj.weight": 0.338623046875}
{"model.layers.4.mlp.down_proj.weight": 0.09454345703125}
{"model.layers.5.self_attn.q_proj.weight": 0.00194549560546875}
{"model.layers.5.self_attn.k_proj.weight": 0.004390716552734375}
{"model.layers.5.self_attn.v_proj.weight": 0.006847381591796875}
{"model.layers.5.self_attn.o_proj.weight": 0.0005784034729003906}
{"model.layers.5.mlp.gate_proj.weight": 0.01078033447265625}
{"model.layers.5.mlp.up_proj.weight": 0.0195465087890625}
{"model.layers.5.mlp.down_proj.weight": 0.00275421142578125}
{"model.layers.6.self_attn.q_proj.weight": 0.09368896484375}
{"model.layers.6.self_attn.k_proj.weight": 0.15966796875}
{"model.layers.6.self_attn.v_proj.weight": 0.396240234375}
{"model.layers.6.self_attn.o_proj.weight": 0.2037353515625}
{"model.layers.6.mlp.gate_proj.weight": 0.74951171875}
{"model.layers.6.mlp.up_proj.weight": 1.6298828125}
{"model.layers.6.mlp.down_proj.weight": 0.332763671875}
{"model.layers.7.self_attn.q_proj.weight": 0.0291290283203125}
{"model.layers.7.self_attn.k_proj.weight": 0.070068359375}
{"model.layers.7.self_attn.v_proj.weight": 0.2705078125}
{"model.layers.7.self_attn.o_proj.weight": 0.1163330078125}
{"model.layers.7.mlp.gate_proj.weight": 0.5947265625}
{"model.layers.7.mlp.up_proj.weight": 1.068359375}
{"model.layers.7.mlp.down_proj.weight": 0.4580078125}
{"model.layers.8.self_attn.q_proj.weight": 0.038177490234375}
{"model.layers.8.self_attn.k_proj.weight": 0.08538818359375}
{"model.layers.8.self_attn.v_proj.weight": 0.310302734375}
{"model.layers.8.self_attn.o_proj.weight": 0.1331787109375}
{"model.layers.8.mlp.gate_proj.weight": 0.52880859375}
{"model.layers.8.mlp.up_proj.weight": 0.92138671875}
{"model.layers.8.mlp.down_proj.weight": 0.529296875}
{"model.layers.9.self_attn.q_proj.weight": 0.060333251953125}
{"model.layers.9.self_attn.k_proj.weight": 0.1588134765625}
{"model.layers.9.self_attn.v_proj.weight": 0.419677734375}
{"model.layers.9.self_attn.o_proj.weight": 0.1505126953125}
{"model.layers.9.mlp.gate_proj.weight": 0.73583984375}
{"model.layers.9.mlp.up_proj.weight": 1.603515625}
{"model.layers.9.mlp.down_proj.weight": 0.56298828125}
{"model.layers.10.self_attn.q_proj.weight": 0.07110595703125}
{"model.layers.10.self_attn.k_proj.weight": 0.098876953125}
{"model.layers.10.self_attn.v_proj.weight": 0.3857421875}
{"model.layers.10.self_attn.o_proj.weight": 0.16748046875}
{"model.layers.10.mlp.gate_proj.weight": 0.49169921875}
{"model.layers.10.mlp.up_proj.weight": 1.0556640625}
{"model.layers.10.mlp.down_proj.weight": 0.33984375}
{"model.layers.11.self_attn.q_proj.weight": 0.07403564453125}
{"model.layers.11.self_attn.k_proj.weight": 0.12060546875}
{"model.layers.11.self_attn.v_proj.weight": 0.18359375}
{"model.layers.11.self_attn.o_proj.weight": 0.13623046875}
{"model.layers.11.mlp.gate_proj.weight": 0.2578125}
{"model.layers.11.mlp.up_proj.weight": 0.447021484375}
{"model.layers.11.mlp.down_proj.weight": 0.31298828125}
{"model.layers.12.self_attn.q_proj.weight": 0.0733642578125}
{"model.layers.12.self_attn.k_proj.weight": 0.11444091796875}
{"model.layers.12.self_attn.v_proj.weight": 0.2186279296875}
{"model.layers.12.self_attn.o_proj.weight": 0.170654296875}
{"model.layers.12.mlp.gate_proj.weight": 0.2763671875}
{"model.layers.12.mlp.up_proj.weight": 0.485595703125}
{"model.layers.12.mlp.down_proj.weight": 0.295166015625}
{"model.layers.13.self_attn.q_proj.weight": 0.2032470703125}
{"model.layers.13.self_attn.k_proj.weight": 0.2318115234375}
{"model.layers.13.self_attn.v_proj.weight": 0.24755859375}
{"model.layers.13.self_attn.o_proj.weight": 0.11444091796875}
{"model.layers.13.mlp.gate_proj.weight": 0.2286376953125}
{"model.layers.13.mlp.up_proj.weight": 0.275390625}
{"model.layers.13.mlp.down_proj.weight": 0.2391357421875}
{"model.layers.14.self_attn.q_proj.weight": 0.194091796875}
{"model.layers.14.self_attn.k_proj.weight": 0.25048828125}
{"model.layers.14.self_attn.v_proj.weight": 0.66748046875}
{"model.layers.14.self_attn.o_proj.weight": 0.51220703125}
{"model.layers.14.mlp.gate_proj.weight": 0.49755859375}
{"model.layers.14.mlp.up_proj.weight": 0.62060546875}
{"model.layers.14.mlp.down_proj.weight": 0.54052734375}
{"model.layers.15.self_attn.q_proj.weight": 0.28515625}
{"model.layers.15.self_attn.k_proj.weight": 0.28857421875}
{"model.layers.15.self_attn.v_proj.weight": 0.65380859375}
{"model.layers.15.self_attn.o_proj.weight": 0.5859375}
{"model.layers.15.mlp.gate_proj.weight": 0.4052734375}
{"model.layers.15.mlp.up_proj.weight": 0.4541015625}
{"model.layers.15.mlp.down_proj.weight": 0.420654296875}
{"model.layers.16.self_attn.q_proj.weight": 0.1312255859375}
{"model.layers.16.self_attn.k_proj.weight": 0.1611328125}
{"model.layers.16.self_attn.v_proj.weight": 0.60888671875}
{"model.layers.16.self_attn.o_proj.weight": 0.58251953125}
{"model.layers.16.mlp.gate_proj.weight": 0.501953125}
{"model.layers.16.mlp.up_proj.weight": 0.7041015625}
{"model.layers.16.mlp.down_proj.weight": 0.5146484375}
{"model.layers.17.self_attn.q_proj.weight": 0.1124267578125}
{"model.layers.17.self_attn.k_proj.weight": 0.08245849609375}
{"model.layers.17.self_attn.v_proj.weight": 0.1605224609375}
{"model.layers.17.self_attn.o_proj.weight": 0.142822265625}
{"model.layers.17.mlp.gate_proj.weight": 0.09515380859375}
{"model.layers.17.mlp.up_proj.weight": 0.1072998046875}
{"model.layers.17.mlp.down_proj.weight": 0.089599609375}
{"model.layers.18.self_attn.q_proj.weight": 0.197021484375}
{"model.layers.18.self_attn.k_proj.weight": 0.299072265625}
{"model.layers.18.self_attn.v_proj.weight": 0.74072265625}
{"model.layers.18.self_attn.o_proj.weight": 0.59521484375}
{"model.layers.18.mlp.gate_proj.weight": 0.4501953125}
{"model.layers.18.mlp.up_proj.weight": 0.448974609375}
{"model.layers.18.mlp.down_proj.weight": 0.423583984375}
{"model.layers.19.self_attn.q_proj.weight": 0.1578369140625}
{"model.layers.19.self_attn.k_proj.weight": 0.16552734375}
{"model.layers.19.self_attn.v_proj.weight": 0.280517578125}
{"model.layers.19.self_attn.o_proj.weight": 0.389404296875}
