{"model.layers.0.self_attn.q_proj.weight": 0.004936635494232178}
{"model.layers.0.self_attn.k_proj.weight": 0.01409834623336792}
{"model.layers.0.self_attn.v_proj.weight": 1.1186783909797668}
{"model.layers.0.self_attn.o_proj.weight": 0.4926133155822754}
{"model.layers.0.mlp.gate_proj.weight": 0.00970458984375}
{"model.layers.0.mlp.up_proj.weight": 0.018089354038238525}
{"model.layers.0.mlp.down_proj.weight": 0.12533825635910034}
{"model.layers.1.self_attn.q_proj.weight": 0.000874936580657959}
{"model.layers.1.self_attn.k_proj.weight": 0.0016883611679077148}
{"model.layers.1.self_attn.v_proj.weight": 0.13071060180664062}
{"model.layers.1.self_attn.o_proj.weight": 0.24097061157226562}
{"model.layers.1.mlp.gate_proj.weight": 3.309209883213043}
{"model.layers.1.mlp.up_proj.weight": 1.3035378456115723}
{"model.layers.1.mlp.down_proj.weight": 0.027225017547607422}
{"model.layers.2.self_attn.q_proj.weight": 8.988380432128906e-05}
{"model.layers.2.self_attn.k_proj.weight": 9.870529174804688e-05}
{"model.layers.2.self_attn.v_proj.weight": 0.02449476718902588}
{"model.layers.2.self_attn.o_proj.weight": 0.0013887882232666016}
{"model.layers.2.mlp.gate_proj.weight": 0.08862721920013428}
{"model.layers.2.mlp.up_proj.weight": 0.07736611366271973}
{"model.layers.2.mlp.down_proj.weight": 6.879289865493774}
{"model.layers.3.self_attn.q_proj.weight": 0.094146728515625}
{"model.layers.3.self_attn.k_proj.weight": 0.13002032041549683}
{"model.layers.3.self_attn.v_proj.weight": 0.4185185432434082}
{"model.layers.3.self_attn.o_proj.weight": 0.264373779296875}
{"model.layers.3.mlp.gate_proj.weight": 1.4272589683532715}
{"model.layers.3.mlp.up_proj.weight": 1.9214091300964355}
{"model.layers.3.mlp.down_proj.weight": 1.2552757263183594}
{"model.layers.4.self_attn.q_proj.weight": 0.06842803955078125}
{"model.layers.4.self_attn.k_proj.weight": 0.10162359476089478}
{"model.layers.4.self_attn.v_proj.weight": 0.6898193955421448}
{"model.layers.4.self_attn.o_proj.weight": 0.2354736328125}
{"model.layers.4.mlp.gate_proj.weight": 0.8074975609779358}
{"model.layers.4.mlp.up_proj.weight": 1.407719373703003}
{"model.layers.4.mlp.down_proj.weight": 0.3453369140625}
{"model.layers.5.self_attn.q_proj.weight": 0.12677001953125}
{"model.layers.5.self_attn.k_proj.weight": 0.15097051858901978}
{"model.layers.5.self_attn.v_proj.weight": 0.39202880859375}
{"model.layers.5.self_attn.o_proj.weight": 0.100860595703125}
{"model.layers.5.mlp.gate_proj.weight": 0.5932618975639343}
{"model.layers.5.mlp.up_proj.weight": 1.1372073888778687}
{"model.layers.5.mlp.down_proj.weight": 0.2496337890625}
{"model.layers.6.self_attn.q_proj.weight": 0.043003082275390625}
{"model.layers.6.self_attn.k_proj.weight": 0.0672006607055664}
{"model.layers.6.self_attn.v_proj.weight": 0.23944109678268433}
{"model.layers.6.self_attn.o_proj.weight": 0.1306610107421875}
{"model.layers.6.mlp.gate_proj.weight": 0.4245636463165283}
{"model.layers.6.mlp.up_proj.weight": 0.9118756651878357}
{"model.layers.6.mlp.down_proj.weight": 0.2608184814453125}
{"model.layers.7.self_attn.q_proj.weight": 0.04432070255279541}
{"model.layers.7.self_attn.k_proj.weight": 0.13033568859100342}
{"model.layers.7.self_attn.v_proj.weight": 0.44261693954467773}
{"model.layers.7.self_attn.o_proj.weight": 0.1621575951576233}
{"model.layers.7.mlp.gate_proj.weight": 0.9080373048782349}
{"model.layers.7.mlp.up_proj.weight": 1.8451789021492004}
{"model.layers.7.mlp.down_proj.weight": 0.7742929458618164}
{"model.layers.8.self_attn.q_proj.weight": 0.058200299739837646}
{"model.layers.8.self_attn.k_proj.weight": 0.10295748710632324}
{"model.layers.8.self_attn.v_proj.weight": 0.41586434841156006}
{"model.layers.8.self_attn.o_proj.weight": 0.16779696941375732}
{"model.layers.8.mlp.gate_proj.weight": 0.7225942611694336}
{"model.layers.8.mlp.up_proj.weight": 1.3800095915794373}
{"model.layers.8.mlp.down_proj.weight": 0.5831798315048218}
{"model.layers.9.self_attn.q_proj.weight": 0.04411327838897705}
{"model.layers.9.self_attn.k_proj.weight": 0.08772438764572144}
{"model.layers.9.self_attn.v_proj.weight": 0.26922816038131714}
{"model.layers.9.self_attn.o_proj.weight": 0.09912109375}
{"model.layers.9.mlp.gate_proj.weight": 0.5210005044937134}
{"model.layers.9.mlp.up_proj.weight": 1.1308690905570984}
{"model.layers.9.mlp.down_proj.weight": 0.39202880859375}
{"model.layers.10.self_attn.q_proj.weight": 0.0744619369506836}
{"model.layers.10.self_attn.k_proj.weight": 0.11379432678222656}
{"model.layers.10.self_attn.v_proj.weight": 0.424346923828125}
{"model.layers.10.self_attn.o_proj.weight": 0.21993637084960938}
{"model.layers.10.mlp.gate_proj.weight": 0.618988037109375}
{"model.layers.10.mlp.up_proj.weight": 1.393798828125}
{"model.layers.10.mlp.down_proj.weight": 0.5580673217773438}
{"model.layers.11.self_attn.q_proj.weight": 3.5762786865234375e-07}
{"model.layers.11.self_attn.k_proj.weight": 7.748603820800781e-07}
{"model.layers.11.self_attn.v_proj.weight": 3.039836883544922e-06}
{"model.layers.11.self_attn.o_proj.weight": 0.0}
{"model.layers.11.mlp.gate_proj.weight": 2.1457672119140625e-06}
{"model.layers.11.mlp.up_proj.weight": 3.6954879760742188e-06}
{"model.layers.11.mlp.down_proj.weight": 0.0}
{"model.layers.12.self_attn.q_proj.weight": 0.06680548191070557}
{"model.layers.12.self_attn.k_proj.weight": 0.07883352041244507}
{"model.layers.12.self_attn.v_proj.weight": 0.20069700479507446}
{"model.layers.12.self_attn.o_proj.weight": 0.15336710214614868}
{"model.layers.12.mlp.gate_proj.weight": 0.2562922239303589}
{"model.layers.12.mlp.up_proj.weight": 0.48520874977111816}
{"model.layers.12.mlp.down_proj.weight": 0.2966368794441223}
{"model.layers.13.self_attn.q_proj.weight": 0.449798583984375}
{"model.layers.13.self_attn.k_proj.weight": 0.44123077392578125}
{"model.layers.13.self_attn.v_proj.weight": 0.6079330444335938}
{"model.layers.13.self_attn.o_proj.weight": 0.30895042419433594}
{"model.layers.13.mlp.gate_proj.weight": 0.6159820556640625}
{"model.layers.13.mlp.up_proj.weight": 0.7802658081054688}
{"model.layers.13.mlp.down_proj.weight": 0.6094779968261719}
{"model.layers.14.self_attn.q_proj.weight": 0.2230517864227295}
{"model.layers.14.self_attn.k_proj.weight": 0.30268222093582153}
{"model.layers.14.self_attn.v_proj.weight": 0.8149869441986084}
{"model.layers.14.self_attn.o_proj.weight": 0.596069872379303}
{"model.layers.14.mlp.gate_proj.weight": 0.5386297702789307}
{"model.layers.14.mlp.up_proj.weight": 0.7543417811393738}
{"model.layers.14.mlp.down_proj.weight": 0.6063851714134216}
{"model.layers.15.self_attn.q_proj.weight": 0.119842529296875}
{"model.layers.15.self_attn.k_proj.weight": 0.137603759765625}
{"model.layers.15.self_attn.v_proj.weight": 0.3251953125}
{"model.layers.15.self_attn.o_proj.weight": 0.306884765625}
{"model.layers.15.mlp.gate_proj.weight": 0.1903076171875}
{"model.layers.15.mlp.up_proj.weight": 0.23248291015625}
{"model.layers.15.mlp.down_proj.weight": 0.21331787109375}
{"model.layers.16.self_attn.q_proj.weight": 0.0905185341835022}
{"model.layers.16.self_attn.k_proj.weight": 0.11431151628494263}
{"model.layers.16.self_attn.v_proj.weight": 0.44510912895202637}
{"model.layers.16.self_attn.o_proj.weight": 0.4223636984825134}
{"model.layers.16.mlp.gate_proj.weight": 0.3583170175552368}
{"model.layers.16.mlp.up_proj.weight": 0.46317553520202637}
{"model.layers.16.mlp.down_proj.weight": 0.37556201219558716}
{"model.layers.17.self_attn.q_proj.weight": 0.18516862392425537}
{"model.layers.17.self_attn.k_proj.weight": 0.2273010015487671}
{"model.layers.17.self_attn.v_proj.weight": 0.5435736179351807}
{"model.layers.17.self_attn.o_proj.weight": 0.47149544954299927}
{"model.layers.17.mlp.gate_proj.weight": 0.30279844999313354}
{"model.layers.17.mlp.up_proj.weight": 0.3326141834259033}
{"model.layers.17.mlp.down_proj.weight": 0.28541916608810425}
{"model.layers.18.self_attn.q_proj.weight": 0.20045411586761475}
{"model.layers.18.self_attn.k_proj.weight": 0.3631463050842285}
{"model.layers.18.self_attn.v_proj.weight": 0.9438413977622986}
