{"model.layers.0.self_attn.q_proj.weight": 0.0102081298828125}
{"model.layers.0.self_attn.k_proj.weight": 0.033172607421875}
{"model.layers.0.self_attn.v_proj.weight": 2.130859375}
{"model.layers.0.self_attn.o_proj.weight": 1.0107421875}
{"model.layers.0.mlp.gate_proj.weight": 0.02490234375}
{"model.layers.0.mlp.up_proj.weight": 0.0423583984375}
{"model.layers.0.mlp.down_proj.weight": 0.30712890625}
{"model.layers.1.self_attn.q_proj.weight": 0.0003139972686767578}
{"model.layers.1.self_attn.k_proj.weight": 0.0005483627319335938}
{"model.layers.1.self_attn.v_proj.weight": 0.06793212890625}
{"model.layers.1.self_attn.o_proj.weight": 0.095703125}
{"model.layers.1.mlp.gate_proj.weight": 1.2734375}
{"model.layers.1.mlp.up_proj.weight": 0.5166015625}
{"model.layers.1.mlp.down_proj.weight": 0.00968170166015625}
{"model.layers.2.self_attn.q_proj.weight": 6.461143493652344e-05}
{"model.layers.2.self_attn.k_proj.weight": 4.482269287109375e-05}
{"model.layers.2.self_attn.v_proj.weight": 0.01538848876953125}
{"model.layers.2.self_attn.o_proj.weight": 0.0009493827819824219}
{"model.layers.2.mlp.gate_proj.weight": 0.04510498046875}
{"model.layers.2.mlp.up_proj.weight": 0.044219970703125}
{"model.layers.2.mlp.down_proj.weight": 4.2890625}
{"model.layers.3.self_attn.q_proj.weight": 0.00010514259338378906}
{"model.layers.3.self_attn.k_proj.weight": 0.0009613037109375}
{"model.layers.3.self_attn.v_proj.weight": 0.002727508544921875}
{"model.layers.3.self_attn.o_proj.weight": 0.0005707740783691406}
{"model.layers.3.mlp.gate_proj.weight": 0.013885498046875}
{"model.layers.3.mlp.up_proj.weight": 0.01580810546875}
{"model.layers.3.mlp.down_proj.weight": 0.01348114013671875}
{"model.layers.4.self_attn.q_proj.weight": 0.003208160400390625}
{"model.layers.4.self_attn.k_proj.weight": 0.00604248046875}
{"model.layers.4.self_attn.v_proj.weight": 0.039306640625}
{"model.layers.4.self_attn.o_proj.weight": 0.01111602783203125}
{"model.layers.4.mlp.gate_proj.weight": 0.043121337890625}
{"model.layers.4.mlp.up_proj.weight": 0.0784912109375}
{"model.layers.4.mlp.down_proj.weight": 0.0157928466796875}
{"model.layers.5.self_attn.q_proj.weight": 0.1744384765625}
{"model.layers.5.self_attn.k_proj.weight": 0.204833984375}
{"model.layers.5.self_attn.v_proj.weight": 0.51318359375}
{"model.layers.5.self_attn.o_proj.weight": 0.1451416015625}
{"model.layers.5.mlp.gate_proj.weight": 0.71142578125}
{"model.layers.5.mlp.up_proj.weight": 1.5009765625}
{"model.layers.5.mlp.down_proj.weight": 0.4287109375}
{"model.layers.6.self_attn.q_proj.weight": 0.08111572265625}
{"model.layers.6.self_attn.k_proj.weight": 0.1435546875}
{"model.layers.6.self_attn.v_proj.weight": 0.36328125}
{"model.layers.6.self_attn.o_proj.weight": 0.2216796875}
{"model.layers.6.mlp.gate_proj.weight": 0.7646484375}
{"model.layers.6.mlp.up_proj.weight": 1.5283203125}
{"model.layers.6.mlp.down_proj.weight": 0.443115234375}
{"model.layers.7.self_attn.q_proj.weight": 0.07733154296875}
{"model.layers.7.self_attn.k_proj.weight": 0.1239013671875}
{"model.layers.7.self_attn.v_proj.weight": 0.281494140625}
{"model.layers.7.self_attn.o_proj.weight": 0.1431884765625}
{"model.layers.7.mlp.gate_proj.weight": 0.5341796875}
{"model.layers.7.mlp.up_proj.weight": 1.009765625}
{"model.layers.7.mlp.down_proj.weight": 0.410400390625}
{"model.layers.8.self_attn.q_proj.weight": 0.046234130859375}
{"model.layers.8.self_attn.k_proj.weight": 0.08929443359375}
{"model.layers.8.self_attn.v_proj.weight": 0.247314453125}
{"model.layers.8.self_attn.o_proj.weight": 0.115234375}
{"model.layers.8.mlp.gate_proj.weight": 0.58056640625}
{"model.layers.8.mlp.up_proj.weight": 1.0419921875}
{"model.layers.8.mlp.down_proj.weight": 0.4521484375}
{"model.layers.9.self_attn.q_proj.weight": 0.054473876953125}
{"model.layers.9.self_attn.k_proj.weight": 0.1055908203125}
{"model.layers.9.self_attn.v_proj.weight": 0.2939453125}
{"model.layers.9.self_attn.o_proj.weight": 0.0999755859375}
{"model.layers.9.mlp.gate_proj.weight": 0.541015625}
{"model.layers.9.mlp.up_proj.weight": 1.2314453125}
{"model.layers.9.mlp.down_proj.weight": 0.3828125}
{"model.layers.10.self_attn.q_proj.weight": 0.142333984375}
{"model.layers.10.self_attn.k_proj.weight": 0.1859130859375}
{"model.layers.10.self_attn.v_proj.weight": 0.6396484375}
{"model.layers.10.self_attn.o_proj.weight": 0.256103515625}
{"model.layers.10.mlp.gate_proj.weight": 1.01953125}
{"model.layers.10.mlp.up_proj.weight": 2.0078125}
{"model.layers.10.mlp.down_proj.weight": 0.7724609375}
{"model.layers.11.self_attn.q_proj.weight": 0.08477783203125}
{"model.layers.11.self_attn.k_proj.weight": 0.1837158203125}
{"model.layers.11.self_attn.v_proj.weight": 0.27880859375}
{"model.layers.11.self_attn.o_proj.weight": 0.1807861328125}
{"model.layers.11.mlp.gate_proj.weight": 0.418212890625}
{"model.layers.11.mlp.up_proj.weight": 0.75341796875}
{"model.layers.11.mlp.down_proj.weight": 0.45654296875}
{"model.layers.12.self_attn.q_proj.weight": 0.202880859375}
{"model.layers.12.self_attn.k_proj.weight": 0.207763671875}
{"model.layers.12.self_attn.v_proj.weight": 0.53759765625}
{"model.layers.12.self_attn.o_proj.weight": 0.4091796875}
{"model.layers.12.mlp.gate_proj.weight": 0.7578125}
{"model.layers.12.mlp.up_proj.weight": 1.2734375}
{"model.layers.12.mlp.down_proj.weight": 0.8134765625}
{"model.layers.13.self_attn.q_proj.weight": 0.2919921875}
{"model.layers.13.self_attn.k_proj.weight": 0.51318359375}
{"model.layers.13.self_attn.v_proj.weight": 0.373779296875}
{"model.layers.13.self_attn.o_proj.weight": 0.16748046875}
{"model.layers.13.mlp.gate_proj.weight": 0.37353515625}
{"model.layers.13.mlp.up_proj.weight": 0.444091796875}
{"model.layers.13.mlp.down_proj.weight": 0.353271484375}
{"model.layers.14.self_attn.q_proj.weight": 0.2071533203125}
{"model.layers.14.self_attn.k_proj.weight": 0.36279296875}
{"model.layers.14.self_attn.v_proj.weight": 0.56201171875}
{"model.layers.14.self_attn.o_proj.weight": 0.37548828125}
{"model.layers.14.mlp.gate_proj.weight": 0.457275390625}
{"model.layers.14.mlp.up_proj.weight": 0.6376953125}
{"model.layers.14.mlp.down_proj.weight": 0.5400390625}
{"model.layers.15.self_attn.q_proj.weight": 0.185302734375}
{"model.layers.15.self_attn.k_proj.weight": 0.314208984375}
{"model.layers.15.self_attn.v_proj.weight": 0.6923828125}
{"model.layers.15.self_attn.o_proj.weight": 0.6806640625}
{"model.layers.15.mlp.gate_proj.weight": 0.52685546875}
{"model.layers.15.mlp.up_proj.weight": 0.60888671875}
{"model.layers.15.mlp.down_proj.weight": 0.5009765625}
{"model.layers.16.self_attn.q_proj.weight": 0.0280914306640625}
{"model.layers.16.self_attn.k_proj.weight": 0.0283050537109375}
{"model.layers.16.self_attn.v_proj.weight": 0.10491943359375}
{"model.layers.16.self_attn.o_proj.weight": 0.11737060546875}
{"model.layers.16.mlp.gate_proj.weight": 0.1302490234375}
{"model.layers.16.mlp.up_proj.weight": 0.1812744140625}
{"model.layers.16.mlp.down_proj.weight": 0.1593017578125}
{"model.layers.17.self_attn.q_proj.weight": 0.09210205078125}
{"model.layers.17.self_attn.k_proj.weight": 0.12646484375}
{"model.layers.17.self_attn.v_proj.weight": 0.27978515625}
{"model.layers.17.self_attn.o_proj.weight": 0.278564453125}
{"model.layers.17.mlp.gate_proj.weight": 0.259033203125}
{"model.layers.17.mlp.up_proj.weight": 0.31494140625}
{"model.layers.17.mlp.down_proj.weight": 0.226806640625}
{"model.layers.18.self_attn.q_proj.weight": 0.27392578125}
{"model.layers.18.self_attn.k_proj.weight": 0.344970703125}
{"model.layers.18.self_attn.v_proj.weight": 0.95068359375}
{"model.layers.18.self_attn.o_proj.weight": 0.8828125}
{"model.layers.18.mlp.gate_proj.weight": 0.6904296875}
{"model.layers.18.mlp.up_proj.weight": 0.7333984375}
{"model.layers.18.mlp.down_proj.weight": 0.79345703125}
{"model.layers.19.self_attn.q_proj.weight": 0.268310546875}
{"model.layers.19.self_attn.k_proj.weight": 0.31689453125}
{"model.layers.19.self_attn.v_proj.weight": 0.6845703125}
{"model.layers.19.self_attn.o_proj.weight": 0.99462890625}
