{"model.layers.0.self_attn.q_proj.weight": 0.02867448329925537}
{"model.layers.0.self_attn.k_proj.weight": 0.05831289291381836}
{"model.layers.0.self_attn.v_proj.weight": 2.7471894025802612}
{"model.layers.0.self_attn.o_proj.weight": 1.202690064907074}
{"model.layers.0.mlp.gate_proj.weight": 0.031322479248046875}
{"model.layers.0.mlp.up_proj.weight": 0.04914093017578125}
{"model.layers.0.mlp.down_proj.weight": 0.3501145839691162}
{"model.layers.1.self_attn.q_proj.weight": 0.0009601116180419922}
{"model.layers.1.self_attn.k_proj.weight": 0.0014247894287109375}
{"model.layers.1.self_attn.v_proj.weight": 0.17348885536193848}
{"model.layers.1.self_attn.o_proj.weight": 0.29735469818115234}
{"model.layers.1.mlp.gate_proj.weight": 2.860132157802582}
{"model.layers.1.mlp.up_proj.weight": 1.550800859928131}
{"model.layers.1.mlp.down_proj.weight": 0.04095721244812012}
{"model.layers.2.self_attn.q_proj.weight": 0.00010466575622558594}
{"model.layers.2.self_attn.k_proj.weight": 7.092952728271484e-05}
{"model.layers.2.self_attn.v_proj.weight": 0.03211188316345215}
{"model.layers.2.self_attn.o_proj.weight": 0.0013328194618225098}
{"model.layers.2.mlp.gate_proj.weight": 0.1051861047744751}
{"model.layers.2.mlp.up_proj.weight": 0.07960784435272217}
{"model.layers.2.mlp.down_proj.weight": 9.051087737083435}
{"model.layers.3.self_attn.q_proj.weight": 0.053924560546875}
{"model.layers.3.self_attn.k_proj.weight": 0.05987548828125}
{"model.layers.3.self_attn.v_proj.weight": 0.23388671875}
{"model.layers.3.self_attn.o_proj.weight": 0.18511962890625}
{"model.layers.3.mlp.gate_proj.weight": 0.7233904600143433}
{"model.layers.3.mlp.up_proj.weight": 0.787355899810791}
{"model.layers.3.mlp.down_proj.weight": 0.6982430815696716}
{"model.layers.4.self_attn.q_proj.weight": 0.1327056884765625}
{"model.layers.4.self_attn.k_proj.weight": 0.2574218511581421}
{"model.layers.4.self_attn.v_proj.weight": 0.9644843339920044}
{"model.layers.4.self_attn.o_proj.weight": 0.392364501953125}
{"model.layers.4.mlp.gate_proj.weight": 1.2138839364051819}
{"model.layers.4.mlp.up_proj.weight": 1.9275298714637756}
{"model.layers.4.mlp.down_proj.weight": 0.5816043019294739}
{"model.layers.5.self_attn.q_proj.weight": 0.1532922387123108}
{"model.layers.5.self_attn.k_proj.weight": 0.2507072687149048}
{"model.layers.5.self_attn.v_proj.weight": 0.5169327259063721}
{"model.layers.5.self_attn.o_proj.weight": 0.15624427795410156}
{"model.layers.5.mlp.gate_proj.weight": 0.7564256191253662}
{"model.layers.5.mlp.up_proj.weight": 1.46217679977417}
{"model.layers.5.mlp.down_proj.weight": 0.3736249804496765}
{"model.layers.6.self_attn.q_proj.weight": 0.04439973831176758}
{"model.layers.6.self_attn.k_proj.weight": 0.07217651605606079}
{"model.layers.6.self_attn.v_proj.weight": 0.28285062313079834}
{"model.layers.6.self_attn.o_proj.weight": 0.1688847541809082}
{"model.layers.6.mlp.gate_proj.weight": 0.6428412795066833}
{"model.layers.6.mlp.up_proj.weight": 1.150899350643158}
{"model.layers.6.mlp.down_proj.weight": 0.30086833238601685}
{"model.layers.7.self_attn.q_proj.weight": 0.03992176055908203}
{"model.layers.7.self_attn.k_proj.weight": 0.07881146669387817}
{"model.layers.7.self_attn.v_proj.weight": 0.26526492834091187}
{"model.layers.7.self_attn.o_proj.weight": 0.12200868129730225}
{"model.layers.7.mlp.gate_proj.weight": 0.5579572916030884}
{"model.layers.7.mlp.up_proj.weight": 1.0857449769973755}
{"model.layers.7.mlp.down_proj.weight": 0.4879421591758728}
{"model.layers.8.self_attn.q_proj.weight": 0.0998077392578125}
{"model.layers.8.self_attn.k_proj.weight": 0.1999812126159668}
{"model.layers.8.self_attn.v_proj.weight": 0.5265941619873047}
{"model.layers.8.self_attn.o_proj.weight": 0.24548739194869995}
{"model.layers.8.mlp.gate_proj.weight": 1.0498543977737427}
{"model.layers.8.mlp.up_proj.weight": 2.0082096457481384}
{"model.layers.8.mlp.down_proj.weight": 1.09576416015625}
{"model.layers.9.self_attn.q_proj.weight": 0.05631387233734131}
{"model.layers.9.self_attn.k_proj.weight": 0.11891049146652222}
{"model.layers.9.self_attn.v_proj.weight": 0.3818586468696594}
{"model.layers.9.self_attn.o_proj.weight": 0.13971620798110962}
{"model.layers.9.mlp.gate_proj.weight": 0.7376964092254639}
{"model.layers.9.mlp.up_proj.weight": 1.454124391078949}
{"model.layers.9.mlp.down_proj.weight": 0.5337247848510742}
{"model.layers.10.self_attn.q_proj.weight": 0.1102752685546875}
{"model.layers.10.self_attn.k_proj.weight": 0.18377768993377686}
{"model.layers.10.self_attn.v_proj.weight": 0.47497671842575073}
{"model.layers.10.self_attn.o_proj.weight": 0.214202880859375}
{"model.layers.10.mlp.gate_proj.weight": 0.8162897229194641}
{"model.layers.10.mlp.up_proj.weight": 1.6262263655662537}
{"model.layers.10.mlp.down_proj.weight": 0.63665771484375}
{"model.layers.11.self_attn.q_proj.weight": 0.09865474700927734}
{"model.layers.11.self_attn.k_proj.weight": 0.24832260608673096}
{"model.layers.11.self_attn.v_proj.weight": 0.2759953737258911}
{"model.layers.11.self_attn.o_proj.weight": 0.186767578125}
{"model.layers.11.mlp.gate_proj.weight": 0.4029817581176758}
{"model.layers.11.mlp.up_proj.weight": 0.681663453578949}
{"model.layers.11.mlp.down_proj.weight": 0.4375113248825073}
{"model.layers.12.self_attn.q_proj.weight": 0.1865723729133606}
{"model.layers.12.self_attn.k_proj.weight": 0.24205857515335083}
{"model.layers.12.self_attn.v_proj.weight": 0.5790292024612427}
{"model.layers.12.self_attn.o_proj.weight": 0.41481590270996094}
{"model.layers.12.mlp.gate_proj.weight": 0.8584604263305664}
{"model.layers.12.mlp.up_proj.weight": 1.4544619917869568}
{"model.layers.12.mlp.down_proj.weight": 0.9696634411811829}
{"model.layers.13.self_attn.q_proj.weight": 0.4417509436607361}
{"model.layers.13.self_attn.k_proj.weight": 0.2756879925727844}
{"model.layers.13.self_attn.v_proj.weight": 0.44298720359802246}
{"model.layers.13.self_attn.o_proj.weight": 0.20517057180404663}
{"model.layers.13.mlp.gate_proj.weight": 0.521158754825592}
{"model.layers.13.mlp.up_proj.weight": 0.672401487827301}
{"model.layers.13.mlp.down_proj.weight": 0.5033615827560425}
{"model.layers.14.self_attn.q_proj.weight": 0.14249533414840698}
{"model.layers.14.self_attn.k_proj.weight": 0.15475797653198242}
{"model.layers.14.self_attn.v_proj.weight": 0.46832823753356934}
{"model.layers.14.self_attn.o_proj.weight": 0.34714943170547485}
{"model.layers.14.mlp.gate_proj.weight": 0.3461030125617981}
{"model.layers.14.mlp.up_proj.weight": 0.42405956983566284}
{"model.layers.14.mlp.down_proj.weight": 0.4038999676704407}
{"model.layers.15.self_attn.q_proj.weight": 0.371850848197937}
{"model.layers.15.self_attn.k_proj.weight": 0.5610451102256775}
{"model.layers.15.self_attn.v_proj.weight": 1.0333600044250488}
{"model.layers.15.self_attn.o_proj.weight": 0.984961211681366}
{"model.layers.15.mlp.gate_proj.weight": 0.7905999422073364}
{"model.layers.15.mlp.up_proj.weight": 0.8482364416122437}
{"model.layers.15.mlp.down_proj.weight": 0.7852159142494202}
{"model.layers.16.self_attn.q_proj.weight": 0.2842130661010742}
{"model.layers.16.self_attn.k_proj.weight": 0.2605929374694824}
{"model.layers.16.self_attn.v_proj.weight": 0.7710887789726257}
{"model.layers.16.self_attn.o_proj.weight": 0.72601318359375}
{"model.layers.16.mlp.gate_proj.weight": 0.7625131011009216}
{"model.layers.16.mlp.up_proj.weight": 0.950563907623291}
{"model.layers.16.mlp.down_proj.weight": 0.81414794921875}
{"model.layers.17.self_attn.q_proj.weight": 0.346218466758728}
{"model.layers.17.self_attn.k_proj.weight": 0.3608744144439697}
{"model.layers.17.self_attn.v_proj.weight": 0.8861991763114929}
{"model.layers.17.self_attn.o_proj.weight": 0.7748557329177856}
{"model.layers.17.mlp.gate_proj.weight": 0.5995821952819824}
{"model.layers.17.mlp.up_proj.weight": 0.6325995326042175}
{"model.layers.17.mlp.down_proj.weight": 0.5584729313850403}
{"model.layers.18.self_attn.q_proj.weight": 0.2553008794784546}
{"model.layers.18.self_attn.k_proj.weight": 0.35786694288253784}
