{"model.layers.0.self_attn.q_proj.weight": 0.011295557022094727}
{"model.layers.0.self_attn.k_proj.weight": 0.02867889404296875}
{"model.layers.0.self_attn.v_proj.weight": 1.677320122718811}
{"model.layers.0.self_attn.o_proj.weight": 0.7142334580421448}
{"model.layers.0.mlp.gate_proj.weight": 0.016773223876953125}
{"model.layers.0.mlp.up_proj.weight": 0.029632568359375}
{"model.layers.0.mlp.down_proj.weight": 0.20373570919036865}
{"model.layers.1.self_attn.q_proj.weight": 0.0005609989166259766}
{"model.layers.1.self_attn.k_proj.weight": 0.0008907318115234375}
{"model.layers.1.self_attn.v_proj.weight": 0.09209460020065308}
{"model.layers.1.self_attn.o_proj.weight": 0.1676337718963623}
{"model.layers.1.mlp.gate_proj.weight": 1.525450587272644}
{"model.layers.1.mlp.up_proj.weight": 1.1418969631195068}
{"model.layers.1.mlp.down_proj.weight": 0.022950053215026855}
{"model.layers.2.self_attn.q_proj.weight": 1.7940998077392578e-05}
{"model.layers.2.self_attn.k_proj.weight": 1.633167266845703e-05}
{"model.layers.2.self_attn.v_proj.weight": 0.00764387845993042}
{"model.layers.2.self_attn.o_proj.weight": 0.00038111209869384766}
{"model.layers.2.mlp.gate_proj.weight": 0.025733590126037598}
{"model.layers.2.mlp.up_proj.weight": 0.019390404224395752}
{"model.layers.2.mlp.down_proj.weight": 2.939565658569336}
{"model.layers.3.self_attn.q_proj.weight": 0.05014616250991821}
{"model.layers.3.self_attn.k_proj.weight": 0.06418842077255249}
{"model.layers.3.self_attn.v_proj.weight": 0.2367464303970337}
{"model.layers.3.self_attn.o_proj.weight": 0.18764501810073853}
{"model.layers.3.mlp.gate_proj.weight": 0.7539043426513672}
{"model.layers.3.mlp.up_proj.weight": 0.8146377205848694}
{"model.layers.3.mlp.down_proj.weight": 0.6613431572914124}
{"model.layers.4.self_attn.q_proj.weight": 0.03050994873046875}
{"model.layers.4.self_attn.k_proj.weight": 0.05717480182647705}
{"model.layers.4.self_attn.v_proj.weight": 0.33972257375717163}
{"model.layers.4.self_attn.o_proj.weight": 0.1400146484375}
{"model.layers.4.mlp.gate_proj.weight": 0.4053998589515686}
{"model.layers.4.mlp.up_proj.weight": 0.6547949314117432}
{"model.layers.4.mlp.down_proj.weight": 0.21026611328125}
{"model.layers.5.self_attn.q_proj.weight": 0.13900315761566162}
{"model.layers.5.self_attn.k_proj.weight": 0.17966508865356445}
{"model.layers.5.self_attn.v_proj.weight": 0.35031282901763916}
{"model.layers.5.self_attn.o_proj.weight": 0.12069755792617798}
{"model.layers.5.mlp.gate_proj.weight": 0.569514811038971}
{"model.layers.5.mlp.up_proj.weight": 1.057436227798462}
{"model.layers.5.mlp.down_proj.weight": 0.32776468992233276}
{"model.layers.6.self_attn.q_proj.weight": 0.0618705153465271}
{"model.layers.6.self_attn.k_proj.weight": 0.11559951305389404}
{"model.layers.6.self_attn.v_proj.weight": 0.2693173885345459}
{"model.layers.6.self_attn.o_proj.weight": 0.1875464916229248}
{"model.layers.6.mlp.gate_proj.weight": 0.5398814678192139}
{"model.layers.6.mlp.up_proj.weight": 1.1609655022621155}
{"model.layers.6.mlp.down_proj.weight": 0.3187474012374878}
{"model.layers.7.self_attn.q_proj.weight": 0.0295257568359375}
{"model.layers.7.self_attn.k_proj.weight": 0.051774024963378906}
{"model.layers.7.self_attn.v_proj.weight": 0.2478041648864746}
{"model.layers.7.self_attn.o_proj.weight": 0.11187744140625}
{"model.layers.7.mlp.gate_proj.weight": 0.5589740872383118}
{"model.layers.7.mlp.up_proj.weight": 1.1005976796150208}
{"model.layers.7.mlp.down_proj.weight": 0.4517827033996582}
{"model.layers.8.self_attn.q_proj.weight": 0.017598330974578857}
{"model.layers.8.self_attn.k_proj.weight": 0.03324007987976074}
{"model.layers.8.self_attn.v_proj.weight": 0.08946269750595093}
{"model.layers.8.self_attn.o_proj.weight": 0.036905884742736816}
{"model.layers.8.mlp.gate_proj.weight": 0.17364060878753662}
{"model.layers.8.mlp.up_proj.weight": 0.3402050733566284}
{"model.layers.8.mlp.down_proj.weight": 0.1843651533126831}
{"model.layers.9.self_attn.q_proj.weight": 0.004070639610290527}
{"model.layers.9.self_attn.k_proj.weight": 0.01030951738357544}
{"model.layers.9.self_attn.v_proj.weight": 0.03903883695602417}
{"model.layers.9.self_attn.o_proj.weight": 0.00746917724609375}
{"model.layers.9.mlp.gate_proj.weight": 0.056802451610565186}
{"model.layers.9.mlp.up_proj.weight": 0.13674139976501465}
{"model.layers.9.mlp.down_proj.weight": 0.032684504985809326}
{"model.layers.10.self_attn.q_proj.weight": 2.110004425048828e-05}
{"model.layers.10.self_attn.k_proj.weight": 5.40614128112793e-05}
{"model.layers.10.self_attn.v_proj.weight": 0.00023698806762695312}
{"model.layers.10.self_attn.o_proj.weight": 1.1324882507324219e-06}
{"model.layers.10.mlp.gate_proj.weight": 0.00032019615173339844}
{"model.layers.10.mlp.up_proj.weight": 0.000760197639465332}
{"model.layers.10.mlp.down_proj.weight": 3.2842159271240234e-05}
{"model.layers.11.self_attn.q_proj.weight": 0.03765362501144409}
{"model.layers.11.self_attn.k_proj.weight": 0.04945021867752075}
{"model.layers.11.self_attn.v_proj.weight": 0.10996270179748535}
{"model.layers.11.self_attn.o_proj.weight": 0.07305949926376343}
{"model.layers.11.mlp.gate_proj.weight": 0.13288265466690063}
{"model.layers.11.mlp.up_proj.weight": 0.23040354251861572}
{"model.layers.11.mlp.down_proj.weight": 0.147594153881073}
{"model.layers.12.self_attn.q_proj.weight": 0.10050183534622192}
{"model.layers.12.self_attn.k_proj.weight": 0.11701440811157227}
{"model.layers.12.self_attn.v_proj.weight": 0.2796703577041626}
{"model.layers.12.self_attn.o_proj.weight": 0.2082536220550537}
{"model.layers.12.mlp.gate_proj.weight": 0.4045621156692505}
{"model.layers.12.mlp.up_proj.weight": 0.6555012464523315}
{"model.layers.12.mlp.down_proj.weight": 0.6040553450584412}
{"model.layers.13.self_attn.q_proj.weight": 0.15862798690795898}
{"model.layers.13.self_attn.k_proj.weight": 0.16220134496688843}
{"model.layers.13.self_attn.v_proj.weight": 0.1989772915840149}
{"model.layers.13.self_attn.o_proj.weight": 0.1009521484375}
{"model.layers.13.mlp.gate_proj.weight": 0.2793086767196655}
{"model.layers.13.mlp.up_proj.weight": 0.30518633127212524}
{"model.layers.13.mlp.down_proj.weight": 0.3111574053764343}
{"model.layers.14.self_attn.q_proj.weight": 0.2036609649658203}
{"model.layers.14.self_attn.k_proj.weight": 0.3197164535522461}
{"model.layers.14.self_attn.v_proj.weight": 0.6127033233642578}
{"model.layers.14.self_attn.o_proj.weight": 0.5210723876953125}
{"model.layers.14.mlp.gate_proj.weight": 0.6476030349731445}
{"model.layers.14.mlp.up_proj.weight": 0.7604179382324219}
{"model.layers.14.mlp.down_proj.weight": 0.7529621124267578}
{"model.layers.15.self_attn.q_proj.weight": 0.1900532841682434}
{"model.layers.15.self_attn.k_proj.weight": 0.2597900629043579}
{"model.layers.15.self_attn.v_proj.weight": 0.6023837327957153}
{"model.layers.15.self_attn.o_proj.weight": 0.5690727233886719}
{"model.layers.15.mlp.gate_proj.weight": 0.4929732084274292}
{"model.layers.15.mlp.up_proj.weight": 0.48373162746429443}
{"model.layers.15.mlp.down_proj.weight": 0.46848106384277344}
{"model.layers.16.self_attn.q_proj.weight": 0.09379208087921143}
{"model.layers.16.self_attn.k_proj.weight": 0.08134102821350098}
{"model.layers.16.self_attn.v_proj.weight": 0.2572479844093323}
{"model.layers.16.self_attn.o_proj.weight": 0.21979522705078125}
{"model.layers.16.mlp.gate_proj.weight": 0.29917144775390625}
{"model.layers.16.mlp.up_proj.weight": 0.331878662109375}
{"model.layers.16.mlp.down_proj.weight": 0.31644439697265625}
{"model.layers.17.self_attn.q_proj.weight": 0.059894442558288574}
{"model.layers.17.self_attn.k_proj.weight": 0.0532991886138916}
{"model.layers.17.self_attn.v_proj.weight": 0.19385921955108643}
{"model.layers.17.self_attn.o_proj.weight": 0.16985338926315308}
{"model.layers.17.mlp.gate_proj.weight": 0.14354926347732544}
{"model.layers.17.mlp.up_proj.weight": 0.14954006671905518}
{"model.layers.17.mlp.down_proj.weight": 0.11648571491241455}
{"model.layers.18.self_attn.q_proj.weight": 0.12646329402923584}
