{"model.layers.0.self_attn.q_proj.weight": 0.0028972625732421875}
{"model.layers.0.self_attn.k_proj.weight": 0.00926971435546875}
{"model.layers.0.self_attn.v_proj.weight": 0.497802734375}
{"model.layers.0.self_attn.o_proj.weight": 0.26904296875}
{"model.layers.0.mlp.gate_proj.weight": 0.00786590576171875}
{"model.layers.0.mlp.up_proj.weight": 0.01294708251953125}
{"model.layers.0.mlp.down_proj.weight": 0.07989501953125}
{"model.layers.1.self_attn.q_proj.weight": 0.00017726421356201172}
{"model.layers.1.self_attn.k_proj.weight": 0.0003857612609863281}
{"model.layers.1.self_attn.v_proj.weight": 0.034332275390625}
{"model.layers.1.self_attn.o_proj.weight": 0.04925537109375}
{"model.layers.1.mlp.gate_proj.weight": 0.42333984375}
{"model.layers.1.mlp.up_proj.weight": 0.468505859375}
{"model.layers.1.mlp.down_proj.weight": 0.00806427001953125}
{"model.layers.2.self_attn.q_proj.weight": 1.996755599975586e-05}
{"model.layers.2.self_attn.k_proj.weight": 9.119510650634766e-06}
{"model.layers.2.self_attn.v_proj.weight": 0.00457000732421875}
{"model.layers.2.self_attn.o_proj.weight": 0.00011473894119262695}
{"model.layers.2.mlp.gate_proj.weight": 0.01250457763671875}
{"model.layers.2.mlp.up_proj.weight": 0.0139923095703125}
{"model.layers.2.mlp.down_proj.weight": 1.6611328125}
{"model.layers.3.self_attn.q_proj.weight": 0.05279541015625}
{"model.layers.3.self_attn.k_proj.weight": 0.058685302734375}
{"model.layers.3.self_attn.v_proj.weight": 0.2802734375}
{"model.layers.3.self_attn.o_proj.weight": 0.229736328125}
{"model.layers.3.mlp.gate_proj.weight": 0.63134765625}
{"model.layers.3.mlp.up_proj.weight": 0.7373046875}
{"model.layers.3.mlp.down_proj.weight": 0.76416015625}
{"model.layers.4.self_attn.q_proj.weight": 0.0204620361328125}
{"model.layers.4.self_attn.k_proj.weight": 0.0305023193359375}
{"model.layers.4.self_attn.v_proj.weight": 0.187744140625}
{"model.layers.4.self_attn.o_proj.weight": 0.092529296875}
{"model.layers.4.mlp.gate_proj.weight": 0.22998046875}
{"model.layers.4.mlp.up_proj.weight": 0.335205078125}
{"model.layers.4.mlp.down_proj.weight": 0.1119384765625}
{"model.layers.5.self_attn.q_proj.weight": 0.09088134765625}
{"model.layers.5.self_attn.k_proj.weight": 0.090576171875}
{"model.layers.5.self_attn.v_proj.weight": 0.346923828125}
{"model.layers.5.self_attn.o_proj.weight": 0.121337890625}
{"model.layers.5.mlp.gate_proj.weight": 0.4052734375}
{"model.layers.5.mlp.up_proj.weight": 0.8095703125}
{"model.layers.5.mlp.down_proj.weight": 0.1856689453125}
{"model.layers.6.self_attn.q_proj.weight": 0.072509765625}
{"model.layers.6.self_attn.k_proj.weight": 0.12200927734375}
{"model.layers.6.self_attn.v_proj.weight": 0.364990234375}
{"model.layers.6.self_attn.o_proj.weight": 0.2344970703125}
{"model.layers.6.mlp.gate_proj.weight": 0.74365234375}
{"model.layers.6.mlp.up_proj.weight": 1.556640625}
{"model.layers.6.mlp.down_proj.weight": 0.467529296875}
{"model.layers.7.self_attn.q_proj.weight": 4.6133995056152344e-05}
{"model.layers.7.self_attn.k_proj.weight": 0.00011157989501953125}
{"model.layers.7.self_attn.v_proj.weight": 0.0007953643798828125}
{"model.layers.7.self_attn.o_proj.weight": 5.066394805908203e-06}
{"model.layers.7.mlp.gate_proj.weight": 0.001682281494140625}
{"model.layers.7.mlp.up_proj.weight": 0.0033721923828125}
{"model.layers.7.mlp.down_proj.weight": 0.0007114410400390625}
{"model.layers.8.self_attn.q_proj.weight": 0.0211334228515625}
{"model.layers.8.self_attn.k_proj.weight": 0.050872802734375}
{"model.layers.8.self_attn.v_proj.weight": 0.199462890625}
{"model.layers.8.self_attn.o_proj.weight": 0.091552734375}
{"model.layers.8.mlp.gate_proj.weight": 0.33447265625}
{"model.layers.8.mlp.up_proj.weight": 0.66943359375}
{"model.layers.8.mlp.down_proj.weight": 0.376708984375}
{"model.layers.9.self_attn.q_proj.weight": 0.03387451171875}
{"model.layers.9.self_attn.k_proj.weight": 0.052520751953125}
{"model.layers.9.self_attn.v_proj.weight": 0.2264404296875}
{"model.layers.9.self_attn.o_proj.weight": 0.08184814453125}
{"model.layers.9.mlp.gate_proj.weight": 0.454833984375}
{"model.layers.9.mlp.up_proj.weight": 0.9384765625}
{"model.layers.9.mlp.down_proj.weight": 0.302490234375}
{"model.layers.10.self_attn.q_proj.weight": 0.017425537109375}
{"model.layers.10.self_attn.k_proj.weight": 0.034393310546875}
{"model.layers.10.self_attn.v_proj.weight": 0.1298828125}
{"model.layers.10.self_attn.o_proj.weight": 0.046234130859375}
{"model.layers.10.mlp.gate_proj.weight": 0.1513671875}
{"model.layers.10.mlp.up_proj.weight": 0.320556640625}
{"model.layers.10.mlp.down_proj.weight": 0.14453125}
{"model.layers.11.self_attn.q_proj.weight": 0.105224609375}
{"model.layers.11.self_attn.k_proj.weight": 0.14990234375}
{"model.layers.11.self_attn.v_proj.weight": 0.3642578125}
{"model.layers.11.self_attn.o_proj.weight": 0.26171875}
{"model.layers.11.mlp.gate_proj.weight": 0.48291015625}
{"model.layers.11.mlp.up_proj.weight": 0.83056640625}
{"model.layers.11.mlp.down_proj.weight": 0.52001953125}
{"model.layers.12.self_attn.q_proj.weight": 0.25390625}
{"model.layers.12.self_attn.k_proj.weight": 0.29150390625}
{"model.layers.12.self_attn.v_proj.weight": 0.529296875}
{"model.layers.12.self_attn.o_proj.weight": 0.36328125}
{"model.layers.12.mlp.gate_proj.weight": 0.65576171875}
{"model.layers.12.mlp.up_proj.weight": 1.12109375}
{"model.layers.12.mlp.down_proj.weight": 0.77880859375}
{"model.layers.13.self_attn.q_proj.weight": 0.1483154296875}
{"model.layers.13.self_attn.k_proj.weight": 0.1597900390625}
{"model.layers.13.self_attn.v_proj.weight": 0.18994140625}
{"model.layers.13.self_attn.o_proj.weight": 0.096435546875}
{"model.layers.13.mlp.gate_proj.weight": 0.294921875}
{"model.layers.13.mlp.up_proj.weight": 0.308837890625}
{"model.layers.13.mlp.down_proj.weight": 0.3349609375}
{"model.layers.14.self_attn.q_proj.weight": 0.097900390625}
{"model.layers.14.self_attn.k_proj.weight": 0.09197998046875}
{"model.layers.14.self_attn.v_proj.weight": 0.29931640625}
{"model.layers.14.self_attn.o_proj.weight": 0.2161865234375}
{"model.layers.14.mlp.gate_proj.weight": 0.23974609375}
{"model.layers.14.mlp.up_proj.weight": 0.311279296875}
{"model.layers.14.mlp.down_proj.weight": 0.278076171875}
{"model.layers.15.self_attn.q_proj.weight": 0.0}
{"model.layers.15.self_attn.k_proj.weight": 2.384185791015625e-07}
{"model.layers.15.self_attn.v_proj.weight": 0.0}
{"model.layers.15.self_attn.o_proj.weight": 0.0}
{"model.layers.15.mlp.gate_proj.weight": 0.0}
{"model.layers.15.mlp.up_proj.weight": 0.0}
{"model.layers.15.mlp.down_proj.weight": 0.0}
{"model.layers.16.self_attn.q_proj.weight": 0.1417236328125}
{"model.layers.16.self_attn.k_proj.weight": 0.1639404296875}
{"model.layers.16.self_attn.v_proj.weight": 0.57080078125}
{"model.layers.16.self_attn.o_proj.weight": 0.464111328125}
{"model.layers.16.mlp.gate_proj.weight": 0.51416015625}
{"model.layers.16.mlp.up_proj.weight": 0.68359375}
{"model.layers.16.mlp.down_proj.weight": 0.52587890625}
{"model.layers.17.self_attn.q_proj.weight": 0.05706787109375}
{"model.layers.17.self_attn.k_proj.weight": 0.051422119140625}
{"model.layers.17.self_attn.v_proj.weight": 0.24462890625}
{"model.layers.17.self_attn.o_proj.weight": 0.19677734375}
{"model.layers.17.mlp.gate_proj.weight": 0.1539306640625}
{"model.layers.17.mlp.up_proj.weight": 0.150146484375}
{"model.layers.17.mlp.down_proj.weight": 0.1485595703125}
{"model.layers.18.self_attn.q_proj.weight": 0.1402587890625}
{"model.layers.18.self_attn.k_proj.weight": 0.1510009765625}
{"model.layers.18.self_attn.v_proj.weight": 0.45166015625}
{"model.layers.18.self_attn.o_proj.weight": 0.370361328125}
{"model.layers.18.mlp.gate_proj.weight": 0.332275390625}
{"model.layers.18.mlp.up_proj.weight": 0.330322265625}
{"model.layers.18.mlp.down_proj.weight": 0.327392578125}
{"model.layers.19.self_attn.q_proj.weight": 0.0011644363403320312}
{"model.layers.19.self_attn.k_proj.weight": 0.0028400421142578125}
{"model.layers.19.self_attn.v_proj.weight": 0.005359649658203125}
