{"model.layers.0.self_attn.q_proj.weight": 0.02866804599761963}
{"model.layers.0.self_attn.k_proj.weight": 0.0770273208618164}
{"model.layers.0.self_attn.v_proj.weight": 4.788725197315216}
{"model.layers.0.self_attn.o_proj.weight": 2.3456270694732666}
{"model.layers.0.mlp.gate_proj.weight": 0.06756210327148438}
{"model.layers.0.mlp.up_proj.weight": 0.10943484306335449}
{"model.layers.0.mlp.down_proj.weight": 0.6475335359573364}
{"model.layers.1.self_attn.q_proj.weight": 0.0007519721984863281}
{"model.layers.1.self_attn.k_proj.weight": 0.0011875629425048828}
{"model.layers.1.self_attn.v_proj.weight": 0.09977579116821289}
{"model.layers.1.self_attn.o_proj.weight": 0.18903541564941406}
{"model.layers.1.mlp.gate_proj.weight": 1.9515597820281982}
{"model.layers.1.mlp.up_proj.weight": 1.0385977029800415}
{"model.layers.1.mlp.down_proj.weight": 0.02731502056121826}
{"model.layers.2.self_attn.q_proj.weight": 0.00013118982315063477}
{"model.layers.2.self_attn.k_proj.weight": 7.963180541992188e-05}
{"model.layers.2.self_attn.v_proj.weight": 0.035003602504730225}
{"model.layers.2.self_attn.o_proj.weight": 0.0013551712036132812}
{"model.layers.2.mlp.gate_proj.weight": 0.10339266061782837}
{"model.layers.2.mlp.up_proj.weight": 0.09453064203262329}
{"model.layers.2.mlp.down_proj.weight": 9.714867174625397}
{"model.layers.3.self_attn.q_proj.weight": 0.13841795921325684}
{"model.layers.3.self_attn.k_proj.weight": 0.17952394485473633}
{"model.layers.3.self_attn.v_proj.weight": 0.5761184692382812}
{"model.layers.3.self_attn.o_proj.weight": 0.36740630865097046}
{"model.layers.3.mlp.gate_proj.weight": 2.1428258419036865}
{"model.layers.3.mlp.up_proj.weight": 2.363395869731903}
{"model.layers.3.mlp.down_proj.weight": 1.6005620956420898}
{"model.layers.4.self_attn.q_proj.weight": 0.09720134735107422}
{"model.layers.4.self_attn.k_proj.weight": 0.1845231056213379}
{"model.layers.4.self_attn.v_proj.weight": 0.9578514099121094}
{"model.layers.4.self_attn.o_proj.weight": 0.40875792503356934}
{"model.layers.4.mlp.gate_proj.weight": 1.322307825088501}
{"model.layers.4.mlp.up_proj.weight": 1.8650518655776978}
{"model.layers.4.mlp.down_proj.weight": 0.6845817565917969}
{"model.layers.5.self_attn.q_proj.weight": 0.2800561785697937}
{"model.layers.5.self_attn.k_proj.weight": 0.4754890203475952}
{"model.layers.5.self_attn.v_proj.weight": 1.0763331651687622}
{"model.layers.5.self_attn.o_proj.weight": 0.34614259004592896}
{"model.layers.5.mlp.gate_proj.weight": 2.023320198059082}
{"model.layers.5.mlp.up_proj.weight": 3.7149329781532288}
{"model.layers.5.mlp.down_proj.weight": 1.404610514640808}
{"model.layers.6.self_attn.q_proj.weight": 0.0811622142791748}
{"model.layers.6.self_attn.k_proj.weight": 0.1458379030227661}
{"model.layers.6.self_attn.v_proj.weight": 0.48262494802474976}
{"model.layers.6.self_attn.o_proj.weight": 0.31078821420669556}
{"model.layers.6.mlp.gate_proj.weight": 0.9845041632652283}
{"model.layers.6.mlp.up_proj.weight": 1.9410528540611267}
{"model.layers.6.mlp.down_proj.weight": 0.514545202255249}
{"model.layers.7.self_attn.q_proj.weight": 0.07611846923828125}
{"model.layers.7.self_attn.k_proj.weight": 0.16196441650390625}
{"model.layers.7.self_attn.v_proj.weight": 0.473846435546875}
{"model.layers.7.self_attn.o_proj.weight": 0.258331298828125}
{"model.layers.7.mlp.gate_proj.weight": 1.1599133610725403}
{"model.layers.7.mlp.up_proj.weight": 1.8864758014678955}
{"model.layers.7.mlp.down_proj.weight": 1.1140137910842896}
{"model.layers.8.self_attn.q_proj.weight": 0.0760962963104248}
{"model.layers.8.self_attn.k_proj.weight": 0.1498420238494873}
{"model.layers.8.self_attn.v_proj.weight": 0.4749065637588501}
{"model.layers.8.self_attn.o_proj.weight": 0.2144927978515625}
{"model.layers.8.mlp.gate_proj.weight": 1.2278229594230652}
{"model.layers.8.mlp.up_proj.weight": 2.0759934782981873}
{"model.layers.8.mlp.down_proj.weight": 0.9668101072311401}
{"model.layers.9.self_attn.q_proj.weight": 0.08375900983810425}
{"model.layers.9.self_attn.k_proj.weight": 0.1944306492805481}
{"model.layers.9.self_attn.v_proj.weight": 0.541634738445282}
{"model.layers.9.self_attn.o_proj.weight": 0.1944948434829712}
{"model.layers.9.mlp.gate_proj.weight": 1.0952356457710266}
{"model.layers.9.mlp.up_proj.weight": 2.085061013698578}
{"model.layers.9.mlp.down_proj.weight": 0.8731825351715088}
{"model.layers.10.self_attn.q_proj.weight": 0.09018981456756592}
{"model.layers.10.self_attn.k_proj.weight": 0.14630186557769775}
{"model.layers.10.self_attn.v_proj.weight": 0.42970722913742065}
{"model.layers.10.self_attn.o_proj.weight": 0.18136417865753174}
{"model.layers.10.mlp.gate_proj.weight": 0.7014378905296326}
{"model.layers.10.mlp.up_proj.weight": 1.3000237941741943}
{"model.layers.10.mlp.down_proj.weight": 0.6730746626853943}
{"model.layers.11.self_attn.q_proj.weight": 0.08866918087005615}
{"model.layers.11.self_attn.k_proj.weight": 0.1631733775138855}
{"model.layers.11.self_attn.v_proj.weight": 0.28533631563186646}
{"model.layers.11.self_attn.o_proj.weight": 0.21674180030822754}
{"model.layers.11.mlp.gate_proj.weight": 0.441148042678833}
{"model.layers.11.mlp.up_proj.weight": 0.6639240980148315}
{"model.layers.11.mlp.down_proj.weight": 0.5202585458755493}
{"model.layers.12.self_attn.q_proj.weight": 0.37356245517730713}
{"model.layers.12.self_attn.k_proj.weight": 0.5432506799697876}
{"model.layers.12.self_attn.v_proj.weight": 1.1154391765594482}
{"model.layers.12.self_attn.o_proj.weight": 0.8865067362785339}
{"model.layers.12.mlp.gate_proj.weight": 1.72749662399292}
{"model.layers.12.mlp.up_proj.weight": 2.570258677005768}
{"model.layers.12.mlp.down_proj.weight": 2.1899346113204956}
{"model.layers.13.self_attn.q_proj.weight": 0.7174168825149536}
{"model.layers.13.self_attn.k_proj.weight": 0.7537071704864502}
{"model.layers.13.self_attn.v_proj.weight": 0.9063206315040588}
{"model.layers.13.self_attn.o_proj.weight": 0.499267578125}
{"model.layers.13.mlp.gate_proj.weight": 1.234009027481079}
{"model.layers.13.mlp.up_proj.weight": 1.418457567691803}
{"model.layers.13.mlp.down_proj.weight": 1.34478759765625}
{"model.layers.14.self_attn.q_proj.weight": 0.2773600220680237}
{"model.layers.14.self_attn.k_proj.weight": 0.2915385365486145}
{"model.layers.14.self_attn.v_proj.weight": 0.742862343788147}
{"model.layers.14.self_attn.o_proj.weight": 0.56353759765625}
{"model.layers.14.mlp.gate_proj.weight": 0.74334716796875}
{"model.layers.14.mlp.up_proj.weight": 0.8909914493560791}
{"model.layers.14.mlp.down_proj.weight": 0.87310791015625}
{"model.layers.15.self_attn.q_proj.weight": 0.3014792203903198}
{"model.layers.15.self_attn.k_proj.weight": 0.41211754083633423}
{"model.layers.15.self_attn.v_proj.weight": 1.0044999718666077}
{"model.layers.15.self_attn.o_proj.weight": 1.0064697861671448}
{"model.layers.15.mlp.gate_proj.weight": 0.9565199017524719}
{"model.layers.15.mlp.up_proj.weight": 1.02596914768219}
{"model.layers.15.mlp.down_proj.weight": 0.8907394409179688}
{"model.layers.16.self_attn.q_proj.weight": 0.26821625232696533}
{"model.layers.16.self_attn.k_proj.weight": 0.250105082988739}
{"model.layers.16.self_attn.v_proj.weight": 0.7954954504966736}
{"model.layers.16.self_attn.o_proj.weight": 0.7678863406181335}
{"model.layers.16.mlp.gate_proj.weight": 0.9907451272010803}
{"model.layers.16.mlp.up_proj.weight": 1.161630094051361}
{"model.layers.16.mlp.down_proj.weight": 1.0688077211380005}
{"model.layers.17.self_attn.q_proj.weight": 0.42505741119384766}
{"model.layers.17.self_attn.k_proj.weight": 0.4710195064544678}
{"model.layers.17.self_attn.v_proj.weight": 1.245566189289093}
{"model.layers.17.self_attn.o_proj.weight": 1.23052978515625}
{"model.layers.17.mlp.gate_proj.weight": 1.1984914541244507}
{"model.layers.17.mlp.up_proj.weight": 1.2745387554168701}
{"model.layers.17.mlp.down_proj.weight": 1.13055419921875}
{"model.layers.18.self_attn.q_proj.weight": 0.19372642040252686}
{"model.layers.18.self_attn.k_proj.weight": 0.3692304491996765}
{"model.layers.18.self_attn.v_proj.weight": 0.8028777837753296}
