{"model.layers.0.self_attn.q_proj.weight": 0.0275421142578125}
{"model.layers.0.self_attn.k_proj.weight": 0.04461669921875}
{"model.layers.0.self_attn.v_proj.weight": 2.654296875}
{"model.layers.0.self_attn.o_proj.weight": 1.35546875}
{"model.layers.0.mlp.gate_proj.weight": 0.0443115234375}
{"model.layers.0.mlp.up_proj.weight": 0.07135009765625}
{"model.layers.0.mlp.down_proj.weight": 0.27099609375}
{"model.layers.1.self_attn.q_proj.weight": 0.0006437301635742188}
{"model.layers.1.self_attn.k_proj.weight": 0.001399993896484375}
{"model.layers.1.self_attn.v_proj.weight": 0.137451171875}
{"model.layers.1.self_attn.o_proj.weight": 0.18359375}
{"model.layers.1.mlp.gate_proj.weight": 2.2890625}
{"model.layers.1.mlp.up_proj.weight": 1.4775390625}
{"model.layers.1.mlp.down_proj.weight": 0.0238800048828125}
{"model.layers.2.self_attn.q_proj.weight": 6.93202018737793e-05}
{"model.layers.2.self_attn.k_proj.weight": 4.565715789794922e-05}
{"model.layers.2.self_attn.v_proj.weight": 0.0199432373046875}
{"model.layers.2.self_attn.o_proj.weight": 0.0004863739013671875}
{"model.layers.2.mlp.gate_proj.weight": 0.04559326171875}
{"model.layers.2.mlp.up_proj.weight": 0.042816162109375}
{"model.layers.2.mlp.down_proj.weight": 5.12890625}
{"model.layers.3.self_attn.q_proj.weight": 0.072021484375}
{"model.layers.3.self_attn.k_proj.weight": 0.11749267578125}
{"model.layers.3.self_attn.v_proj.weight": 0.435302734375}
{"model.layers.3.self_attn.o_proj.weight": 0.31591796875}
{"model.layers.3.mlp.gate_proj.weight": 1.44921875}
{"model.layers.3.mlp.up_proj.weight": 1.5048828125}
{"model.layers.3.mlp.down_proj.weight": 1.388671875}
{"model.layers.4.self_attn.q_proj.weight": 0.0921630859375}
{"model.layers.4.self_attn.k_proj.weight": 0.1605224609375}
{"model.layers.4.self_attn.v_proj.weight": 0.82373046875}
{"model.layers.4.self_attn.o_proj.weight": 0.36279296875}
{"model.layers.4.mlp.gate_proj.weight": 1.009765625}
{"model.layers.4.mlp.up_proj.weight": 1.5869140625}
{"model.layers.4.mlp.down_proj.weight": 0.5322265625}
{"model.layers.5.self_attn.q_proj.weight": 0.1068115234375}
{"model.layers.5.self_attn.k_proj.weight": 0.168212890625}
{"model.layers.5.self_attn.v_proj.weight": 0.415283203125}
{"model.layers.5.self_attn.o_proj.weight": 0.1500244140625}
{"model.layers.5.mlp.gate_proj.weight": 0.58544921875}
{"model.layers.5.mlp.up_proj.weight": 1.0810546875}
{"model.layers.5.mlp.down_proj.weight": 0.27880859375}
{"model.layers.6.self_attn.q_proj.weight": 0.030517578125}
{"model.layers.6.self_attn.k_proj.weight": 0.050567626953125}
{"model.layers.6.self_attn.v_proj.weight": 0.169189453125}
{"model.layers.6.self_attn.o_proj.weight": 0.1134033203125}
{"model.layers.6.mlp.gate_proj.weight": 0.3662109375}
{"model.layers.6.mlp.up_proj.weight": 0.87548828125}
{"model.layers.6.mlp.down_proj.weight": 0.2137451171875}
{"model.layers.7.self_attn.q_proj.weight": 0.06378173828125}
{"model.layers.7.self_attn.k_proj.weight": 0.1075439453125}
{"model.layers.7.self_attn.v_proj.weight": 0.376220703125}
{"model.layers.7.self_attn.o_proj.weight": 0.20166015625}
{"model.layers.7.mlp.gate_proj.weight": 0.76318359375}
{"model.layers.7.mlp.up_proj.weight": 1.3203125}
{"model.layers.7.mlp.down_proj.weight": 0.58447265625}
{"model.layers.8.self_attn.q_proj.weight": 0.0677490234375}
{"model.layers.8.self_attn.k_proj.weight": 0.11761474609375}
{"model.layers.8.self_attn.v_proj.weight": 0.393798828125}
{"model.layers.8.self_attn.o_proj.weight": 0.178955078125}
{"model.layers.8.mlp.gate_proj.weight": 0.75927734375}
{"model.layers.8.mlp.up_proj.weight": 1.365234375}
{"model.layers.8.mlp.down_proj.weight": 0.68115234375}
{"model.layers.9.self_attn.q_proj.weight": 0.08868408203125}
{"model.layers.9.self_attn.k_proj.weight": 0.18701171875}
{"model.layers.9.self_attn.v_proj.weight": 0.485595703125}
{"model.layers.9.self_attn.o_proj.weight": 0.2056884765625}
{"model.layers.9.mlp.gate_proj.weight": 0.8232421875}
{"model.layers.9.mlp.up_proj.weight": 1.7294921875}
{"model.layers.9.mlp.down_proj.weight": 0.75537109375}
{"model.layers.10.self_attn.q_proj.weight": 0.11834716796875}
{"model.layers.10.self_attn.k_proj.weight": 0.1995849609375}
{"model.layers.10.self_attn.v_proj.weight": 0.6494140625}
{"model.layers.10.self_attn.o_proj.weight": 0.279052734375}
{"model.layers.10.mlp.gate_proj.weight": 0.98974609375}
{"model.layers.10.mlp.up_proj.weight": 2.052734375}
{"model.layers.10.mlp.down_proj.weight": 0.8076171875}
{"model.layers.11.self_attn.q_proj.weight": 0.165283203125}
{"model.layers.11.self_attn.k_proj.weight": 0.300537109375}
{"model.layers.11.self_attn.v_proj.weight": 0.57568359375}
{"model.layers.11.self_attn.o_proj.weight": 0.410400390625}
{"model.layers.11.mlp.gate_proj.weight": 0.83349609375}
{"model.layers.11.mlp.up_proj.weight": 1.380859375}
{"model.layers.11.mlp.down_proj.weight": 1.0771484375}
{"model.layers.12.self_attn.q_proj.weight": 0.2235107421875}
{"model.layers.12.self_attn.k_proj.weight": 0.2509765625}
{"model.layers.12.self_attn.v_proj.weight": 0.63330078125}
{"model.layers.12.self_attn.o_proj.weight": 0.51611328125}
{"model.layers.12.mlp.gate_proj.weight": 0.77197265625}
{"model.layers.12.mlp.up_proj.weight": 1.3291015625}
{"model.layers.12.mlp.down_proj.weight": 1.0380859375}
{"model.layers.13.self_attn.q_proj.weight": 0.201416015625}
{"model.layers.13.self_attn.k_proj.weight": 0.1845703125}
{"model.layers.13.self_attn.v_proj.weight": 0.1826171875}
{"model.layers.13.self_attn.o_proj.weight": 0.091796875}
{"model.layers.13.mlp.gate_proj.weight": 0.269287109375}
{"model.layers.13.mlp.up_proj.weight": 0.308837890625}
{"model.layers.13.mlp.down_proj.weight": 0.35009765625}
{"model.layers.14.self_attn.q_proj.weight": 0.10394287109375}
{"model.layers.14.self_attn.k_proj.weight": 0.1607666015625}
{"model.layers.14.self_attn.v_proj.weight": 0.3154296875}
{"model.layers.14.self_attn.o_proj.weight": 0.19189453125}
{"model.layers.14.mlp.gate_proj.weight": 0.2298583984375}
{"model.layers.14.mlp.up_proj.weight": 0.2841796875}
{"model.layers.14.mlp.down_proj.weight": 0.274658203125}
{"model.layers.15.self_attn.q_proj.weight": 0.3388671875}
{"model.layers.15.self_attn.k_proj.weight": 0.480712890625}
{"model.layers.15.self_attn.v_proj.weight": 1.1923828125}
{"model.layers.15.self_attn.o_proj.weight": 1.2060546875}
{"model.layers.15.mlp.gate_proj.weight": 0.9423828125}
{"model.layers.15.mlp.up_proj.weight": 1.021484375}
{"model.layers.15.mlp.down_proj.weight": 0.9228515625}
{"model.layers.16.self_attn.q_proj.weight": 0.1561279296875}
{"model.layers.16.self_attn.k_proj.weight": 0.132080078125}
{"model.layers.16.self_attn.v_proj.weight": 0.475830078125}
{"model.layers.16.self_attn.o_proj.weight": 0.41259765625}
{"model.layers.16.mlp.gate_proj.weight": 0.58642578125}
{"model.layers.16.mlp.up_proj.weight": 0.66845703125}
{"model.layers.16.mlp.down_proj.weight": 0.63037109375}
{"model.layers.17.self_attn.q_proj.weight": 0.1644287109375}
{"model.layers.17.self_attn.k_proj.weight": 0.15869140625}
{"model.layers.17.self_attn.v_proj.weight": 0.533203125}
{"model.layers.17.self_attn.o_proj.weight": 0.495849609375}
{"model.layers.17.mlp.gate_proj.weight": 0.3828125}
{"model.layers.17.mlp.up_proj.weight": 0.411865234375}
{"model.layers.17.mlp.down_proj.weight": 0.405029296875}
{"model.layers.18.self_attn.q_proj.weight": 0.286865234375}
{"model.layers.18.self_attn.k_proj.weight": 0.374755859375}
{"model.layers.18.self_attn.v_proj.weight": 0.98828125}
{"model.layers.18.self_attn.o_proj.weight": 0.85693359375}
{"model.layers.18.mlp.gate_proj.weight": 0.68505859375}
{"model.layers.18.mlp.up_proj.weight": 0.7109375}
{"model.layers.18.mlp.down_proj.weight": 0.79931640625}
{"model.layers.19.self_attn.q_proj.weight": 0.29931640625}
{"model.layers.19.self_attn.k_proj.weight": 0.26025390625}
{"model.layers.19.self_attn.v_proj.weight": 0.72314453125}
{"model.layers.19.self_attn.o_proj.weight": 0.9501953125}
{"model.layers.19.mlp.gate_proj.weight": 0.56298828125}
{"model.layers.19.mlp.up_proj.weight": 0.57470703125}
