{"model.layers.0.self_attn.q_proj.weight": 0.01493912935256958}
{"model.layers.0.self_attn.k_proj.weight": 0.05400347709655762}
{"model.layers.0.self_attn.v_proj.weight": 3.2820810079574585}
{"model.layers.0.self_attn.o_proj.weight": 1.4525411128997803}
{"model.layers.0.mlp.gate_proj.weight": 0.03486257791519165}
{"model.layers.0.mlp.up_proj.weight": 0.05992889404296875}
{"model.layers.0.mlp.down_proj.weight": 0.43706440925598145}
{"model.layers.1.self_attn.q_proj.weight": 0.001641392707824707}
{"model.layers.1.self_attn.k_proj.weight": 0.0026689767837524414}
{"model.layers.1.self_attn.v_proj.weight": 0.2517523765563965}
{"model.layers.1.self_attn.o_proj.weight": 0.44069135189056396}
{"model.layers.1.mlp.gate_proj.weight": 4.3665690422058105}
{"model.layers.1.mlp.up_proj.weight": 2.7351879477500916}
{"model.layers.1.mlp.down_proj.weight": 0.058363139629364014}
{"model.layers.2.self_attn.q_proj.weight": 6.175041198730469e-05}
{"model.layers.2.self_attn.k_proj.weight": 6.765127182006836e-05}
{"model.layers.2.self_attn.v_proj.weight": 0.020972490310668945}
{"model.layers.2.self_attn.o_proj.weight": 0.0005662441253662109}
{"model.layers.2.mlp.gate_proj.weight": 0.06140214204788208}
{"model.layers.2.mlp.up_proj.weight": 0.05481874942779541}
{"model.layers.2.mlp.down_proj.weight": 7.619606018066406}
{"model.layers.3.self_attn.q_proj.weight": 0.1375274658203125}
{"model.layers.3.self_attn.k_proj.weight": 0.19934093952178955}
{"model.layers.3.self_attn.v_proj.weight": 0.7970434427261353}
{"model.layers.3.self_attn.o_proj.weight": 0.6168403625488281}
{"model.layers.3.mlp.gate_proj.weight": 2.1899523735046387}
{"model.layers.3.mlp.up_proj.weight": 3.0211509466171265}
{"model.layers.3.mlp.down_proj.weight": 2.3620248436927795}
{"model.layers.4.self_attn.q_proj.weight": 0.11091673374176025}
{"model.layers.4.self_attn.k_proj.weight": 0.18956929445266724}
{"model.layers.4.self_attn.v_proj.weight": 0.7686231732368469}
{"model.layers.4.self_attn.o_proj.weight": 0.35858166217803955}
{"model.layers.4.mlp.gate_proj.weight": 0.9539046287536621}
{"model.layers.4.mlp.up_proj.weight": 1.6496540904045105}
{"model.layers.4.mlp.down_proj.weight": 0.5312883257865906}
{"model.layers.5.self_attn.q_proj.weight": 0.0385289192199707}
{"model.layers.5.self_attn.k_proj.weight": 0.062838613986969}
{"model.layers.5.self_attn.v_proj.weight": 0.23197543621063232}
{"model.layers.5.self_attn.o_proj.weight": 0.06453526020050049}
{"model.layers.5.mlp.gate_proj.weight": 0.43986576795578003}
{"model.layers.5.mlp.up_proj.weight": 0.7378174066543579}
{"model.layers.5.mlp.down_proj.weight": 0.2611376643180847}
{"model.layers.6.self_attn.q_proj.weight": 0.1066741943359375}
{"model.layers.6.self_attn.k_proj.weight": 0.1789705753326416}
{"model.layers.6.self_attn.v_proj.weight": 0.6864015460014343}
{"model.layers.6.self_attn.o_proj.weight": 0.465789794921875}
{"model.layers.6.mlp.gate_proj.weight": 1.3143349289894104}
{"model.layers.6.mlp.up_proj.weight": 2.6884955763816833}
{"model.layers.6.mlp.down_proj.weight": 0.67950439453125}
{"model.layers.7.self_attn.q_proj.weight": 0.053197622299194336}
{"model.layers.7.self_attn.k_proj.weight": 0.0991620421409607}
{"model.layers.7.self_attn.v_proj.weight": 0.4302217960357666}
{"model.layers.7.self_attn.o_proj.weight": 0.20436376333236694}
{"model.layers.7.mlp.gate_proj.weight": 1.1214595437049866}
{"model.layers.7.mlp.up_proj.weight": 1.8046662211418152}
{"model.layers.7.mlp.down_proj.weight": 0.7294356822967529}
{"model.layers.8.self_attn.q_proj.weight": 0.07673871517181396}
{"model.layers.8.self_attn.k_proj.weight": 0.1500948667526245}
{"model.layers.8.self_attn.v_proj.weight": 0.4380532503128052}
{"model.layers.8.self_attn.o_proj.weight": 0.21786540746688843}
{"model.layers.8.mlp.gate_proj.weight": 1.0187780261039734}
{"model.layers.8.mlp.up_proj.weight": 1.5086095333099365}
{"model.layers.8.mlp.down_proj.weight": 0.8797647356987}
{"model.layers.9.self_attn.q_proj.weight": 0.10000073909759521}
{"model.layers.9.self_attn.k_proj.weight": 0.19174140691757202}
{"model.layers.9.self_attn.v_proj.weight": 0.6030590534210205}
{"model.layers.9.self_attn.o_proj.weight": 0.25409644842147827}
{"model.layers.9.mlp.gate_proj.weight": 1.3244028091430664}
{"model.layers.9.mlp.up_proj.weight": 2.4430824518203735}
{"model.layers.9.mlp.down_proj.weight": 1.0781550407409668}
{"model.layers.10.self_attn.q_proj.weight": 0.12710577249526978}
{"model.layers.10.self_attn.k_proj.weight": 0.23284947872161865}
{"model.layers.10.self_attn.v_proj.weight": 0.5994884967803955}
{"model.layers.10.self_attn.o_proj.weight": 0.278472900390625}
{"model.layers.10.mlp.gate_proj.weight": 0.9760761857032776}
{"model.layers.10.mlp.up_proj.weight": 1.9213911890983582}
{"model.layers.10.mlp.down_proj.weight": 0.82830810546875}
{"model.layers.11.self_attn.q_proj.weight": 0.16507107019424438}
{"model.layers.11.self_attn.k_proj.weight": 0.3383748531341553}
{"model.layers.11.self_attn.v_proj.weight": 0.4786624312400818}
{"model.layers.11.self_attn.o_proj.weight": 0.32894134521484375}
{"model.layers.11.mlp.gate_proj.weight": 0.6990368962287903}
{"model.layers.11.mlp.up_proj.weight": 1.126915454864502}
{"model.layers.11.mlp.down_proj.weight": 0.8401108980178833}
{"model.layers.12.self_attn.q_proj.weight": 0.1348314881324768}
{"model.layers.12.self_attn.k_proj.weight": 0.1570379137992859}
{"model.layers.12.self_attn.v_proj.weight": 0.40418678522109985}
{"model.layers.12.self_attn.o_proj.weight": 0.29211515188217163}
{"model.layers.12.mlp.gate_proj.weight": 0.5201112627983093}
{"model.layers.12.mlp.up_proj.weight": 0.8761489391326904}
{"model.layers.12.mlp.down_proj.weight": 0.8044731020927429}
{"model.layers.13.self_attn.q_proj.weight": 0.41291171312332153}
{"model.layers.13.self_attn.k_proj.weight": 0.3165507912635803}
{"model.layers.13.self_attn.v_proj.weight": 0.4850080609321594}
{"model.layers.13.self_attn.o_proj.weight": 0.23342812061309814}
{"model.layers.13.mlp.gate_proj.weight": 0.6038623452186584}
{"model.layers.13.mlp.up_proj.weight": 0.6760594844818115}
{"model.layers.13.mlp.down_proj.weight": 0.6811442375183105}
{"model.layers.14.self_attn.q_proj.weight": 0.3487892150878906}
{"model.layers.14.self_attn.k_proj.weight": 0.5002945065498352}
{"model.layers.14.self_attn.v_proj.weight": 0.9225616455078125}
{"model.layers.14.self_attn.o_proj.weight": 0.7322235107421875}
{"model.layers.14.mlp.gate_proj.weight": 0.8843917846679688}
{"model.layers.14.mlp.up_proj.weight": 1.049468994140625}
{"model.layers.14.mlp.down_proj.weight": 1.0016937255859375}
{"model.layers.15.self_attn.q_proj.weight": 0.33282470703125}
{"model.layers.15.self_attn.k_proj.weight": 0.43145787715911865}
{"model.layers.15.self_attn.v_proj.weight": 0.9653320908546448}
{"model.layers.15.self_attn.o_proj.weight": 0.91461181640625}
{"model.layers.15.mlp.gate_proj.weight": 0.90740966796875}
{"model.layers.15.mlp.up_proj.weight": 0.9114990234375}
{"model.layers.15.mlp.down_proj.weight": 0.851318359375}
{"model.layers.16.self_attn.q_proj.weight": 0.16183513402938843}
{"model.layers.16.self_attn.k_proj.weight": 0.12379533052444458}
{"model.layers.16.self_attn.v_proj.weight": 0.4862692952156067}
{"model.layers.16.self_attn.o_proj.weight": 0.4447021484375}
{"model.layers.16.mlp.gate_proj.weight": 0.5404052734375}
{"model.layers.16.mlp.up_proj.weight": 0.6280518770217896}
{"model.layers.16.mlp.down_proj.weight": 0.6165771484375}
{"model.layers.17.self_attn.q_proj.weight": 0.2162032127380371}
{"model.layers.17.self_attn.k_proj.weight": 0.2219584584236145}
{"model.layers.17.self_attn.v_proj.weight": 0.6470575928688049}
{"model.layers.17.self_attn.o_proj.weight": 0.601818323135376}
{"model.layers.17.mlp.gate_proj.weight": 0.5491489768028259}
{"model.layers.17.mlp.up_proj.weight": 0.5611631274223328}
{"model.layers.17.mlp.down_proj.weight": 0.5162397623062134}
{"model.layers.18.self_attn.q_proj.weight": 0.1227257251739502}
{"model.layers.18.self_attn.k_proj.weight": 0.18026846647262573}
