{"model.layers.0.self_attn.q_proj.weight": 0.004802703857421875}
{"model.layers.0.self_attn.k_proj.weight": 0.0186004638671875}
{"model.layers.0.self_attn.v_proj.weight": 1.0595703125}
{"model.layers.0.self_attn.o_proj.weight": 0.50390625}
{"model.layers.0.mlp.gate_proj.weight": 0.01403045654296875}
{"model.layers.0.mlp.up_proj.weight": 0.022186279296875}
{"model.layers.0.mlp.down_proj.weight": 0.150634765625}
{"model.layers.1.self_attn.q_proj.weight": 0.0004944801330566406}
{"model.layers.1.self_attn.k_proj.weight": 0.0010595321655273438}
{"model.layers.1.self_attn.v_proj.weight": 0.068603515625}
{"model.layers.1.self_attn.o_proj.weight": 0.129150390625}
{"model.layers.1.mlp.gate_proj.weight": 1.1923828125}
{"model.layers.1.mlp.up_proj.weight": 0.6591796875}
{"model.layers.1.mlp.down_proj.weight": 0.0167999267578125}
{"model.layers.2.self_attn.q_proj.weight": 3.2901763916015625e-05}
{"model.layers.2.self_attn.k_proj.weight": 1.531839370727539e-05}
{"model.layers.2.self_attn.v_proj.weight": 0.0105438232421875}
{"model.layers.2.self_attn.o_proj.weight": 0.00020241737365722656}
{"model.layers.2.mlp.gate_proj.weight": 0.035186767578125}
{"model.layers.2.mlp.up_proj.weight": 0.0264434814453125}
{"model.layers.2.mlp.down_proj.weight": 5.03125}
{"model.layers.3.self_attn.q_proj.weight": 0.05010986328125}
{"model.layers.3.self_attn.k_proj.weight": 0.07696533203125}
{"model.layers.3.self_attn.v_proj.weight": 0.28466796875}
{"model.layers.3.self_attn.o_proj.weight": 0.21728515625}
{"model.layers.3.mlp.gate_proj.weight": 0.6123046875}
{"model.layers.3.mlp.up_proj.weight": 0.77099609375}
{"model.layers.3.mlp.down_proj.weight": 0.7490234375}
{"model.layers.4.self_attn.q_proj.weight": 1.5497207641601562e-05}
{"model.layers.4.self_attn.k_proj.weight": 0.00010102987289428711}
{"model.layers.4.self_attn.v_proj.weight": 0.0007066726684570312}
{"model.layers.4.self_attn.o_proj.weight": 5.602836608886719e-06}
{"model.layers.4.mlp.gate_proj.weight": 0.0010747909545898438}
{"model.layers.4.mlp.up_proj.weight": 0.001750946044921875}
{"model.layers.4.mlp.down_proj.weight": 0.0001691579818725586}
{"model.layers.5.self_attn.q_proj.weight": 0.2366943359375}
{"model.layers.5.self_attn.k_proj.weight": 0.21337890625}
{"model.layers.5.self_attn.v_proj.weight": 0.492431640625}
{"model.layers.5.self_attn.o_proj.weight": 0.1319580078125}
{"model.layers.5.mlp.gate_proj.weight": 0.80517578125}
{"model.layers.5.mlp.up_proj.weight": 1.3212890625}
{"model.layers.5.mlp.down_proj.weight": 0.470947265625}
{"model.layers.6.self_attn.q_proj.weight": 0.015899658203125}
{"model.layers.6.self_attn.k_proj.weight": 0.052520751953125}
{"model.layers.6.self_attn.v_proj.weight": 0.075439453125}
{"model.layers.6.self_attn.o_proj.weight": 0.044158935546875}
{"model.layers.6.mlp.gate_proj.weight": 0.207275390625}
{"model.layers.6.mlp.up_proj.weight": 0.397705078125}
{"model.layers.6.mlp.down_proj.weight": 0.1024169921875}
{"model.layers.7.self_attn.q_proj.weight": 0.06964111328125}
{"model.layers.7.self_attn.k_proj.weight": 0.1619873046875}
{"model.layers.7.self_attn.v_proj.weight": 0.410400390625}
{"model.layers.7.self_attn.o_proj.weight": 0.209716796875}
{"model.layers.7.mlp.gate_proj.weight": 0.93212890625}
{"model.layers.7.mlp.up_proj.weight": 1.7763671875}
{"model.layers.7.mlp.down_proj.weight": 0.7373046875}
{"model.layers.8.self_attn.q_proj.weight": 0.0001512765884399414}
{"model.layers.8.self_attn.k_proj.weight": 0.0009050369262695312}
{"model.layers.8.self_attn.v_proj.weight": 0.00142669677734375}
{"model.layers.8.self_attn.o_proj.weight": 7.927417755126953e-06}
{"model.layers.8.mlp.gate_proj.weight": 0.0027790069580078125}
{"model.layers.8.mlp.up_proj.weight": 0.005733489990234375}
{"model.layers.8.mlp.down_proj.weight": 0.00182342529296875}
{"model.layers.9.self_attn.q_proj.weight": 0.032928466796875}
{"model.layers.9.self_attn.k_proj.weight": 0.051605224609375}
{"model.layers.9.self_attn.v_proj.weight": 0.1734619140625}
{"model.layers.9.self_attn.o_proj.weight": 0.06640625}
{"model.layers.9.mlp.gate_proj.weight": 0.350341796875}
{"model.layers.9.mlp.up_proj.weight": 0.65185546875}
{"model.layers.9.mlp.down_proj.weight": 0.350830078125}
{"model.layers.10.self_attn.q_proj.weight": 0.0275726318359375}
{"model.layers.10.self_attn.k_proj.weight": 0.03814697265625}
{"model.layers.10.self_attn.v_proj.weight": 0.117919921875}
{"model.layers.10.self_attn.o_proj.weight": 0.057525634765625}
{"model.layers.10.mlp.gate_proj.weight": 0.212646484375}
{"model.layers.10.mlp.up_proj.weight": 0.373291015625}
{"model.layers.10.mlp.down_proj.weight": 0.2315673828125}
{"model.layers.11.self_attn.q_proj.weight": 0.049468994140625}
{"model.layers.11.self_attn.k_proj.weight": 0.07373046875}
{"model.layers.11.self_attn.v_proj.weight": 0.1578369140625}
{"model.layers.11.self_attn.o_proj.weight": 0.10498046875}
{"model.layers.11.mlp.gate_proj.weight": 0.1827392578125}
{"model.layers.11.mlp.up_proj.weight": 0.321533203125}
{"model.layers.11.mlp.down_proj.weight": 0.216064453125}
{"model.layers.12.self_attn.q_proj.weight": 0.162353515625}
{"model.layers.12.self_attn.k_proj.weight": 0.2298583984375}
{"model.layers.12.self_attn.v_proj.weight": 0.5146484375}
{"model.layers.12.self_attn.o_proj.weight": 0.363525390625}
{"model.layers.12.mlp.gate_proj.weight": 0.6875}
{"model.layers.12.mlp.up_proj.weight": 1.0859375}
{"model.layers.12.mlp.down_proj.weight": 0.9560546875}
{"model.layers.13.self_attn.q_proj.weight": 2.0265579223632812e-06}
{"model.layers.13.self_attn.k_proj.weight": 5.662441253662109e-06}
{"model.layers.13.self_attn.v_proj.weight": 8.344650268554688e-07}
{"model.layers.13.self_attn.o_proj.weight": 0.0}
{"model.layers.13.mlp.gate_proj.weight": 1.7881393432617188e-07}
{"model.layers.13.mlp.up_proj.weight": 1.7881393432617188e-07}
{"model.layers.13.mlp.down_proj.weight": 0.0}
{"model.layers.14.self_attn.q_proj.weight": 0.06365966796875}
{"model.layers.14.self_attn.k_proj.weight": 0.0474853515625}
{"model.layers.14.self_attn.v_proj.weight": 0.1573486328125}
{"model.layers.14.self_attn.o_proj.weight": 0.1292724609375}
{"model.layers.14.mlp.gate_proj.weight": 0.11297607421875}
{"model.layers.14.mlp.up_proj.weight": 0.1226806640625}
{"model.layers.14.mlp.down_proj.weight": 0.135009765625}
{"model.layers.15.self_attn.q_proj.weight": 0.12286376953125}
{"model.layers.15.self_attn.k_proj.weight": 0.144287109375}
{"model.layers.15.self_attn.v_proj.weight": 0.4189453125}
{"model.layers.15.self_attn.o_proj.weight": 0.423828125}
{"model.layers.15.mlp.gate_proj.weight": 0.406005859375}
{"model.layers.15.mlp.up_proj.weight": 0.413330078125}
{"model.layers.15.mlp.down_proj.weight": 0.39697265625}
{"model.layers.16.self_attn.q_proj.weight": 0.2061767578125}
{"model.layers.16.self_attn.k_proj.weight": 0.231689453125}
{"model.layers.16.self_attn.v_proj.weight": 0.81884765625}
{"model.layers.16.self_attn.o_proj.weight": 0.67138671875}
{"model.layers.16.mlp.gate_proj.weight": 0.7998046875}
{"model.layers.16.mlp.up_proj.weight": 0.994140625}
{"model.layers.16.mlp.down_proj.weight": 0.87451171875}
{"model.layers.17.self_attn.q_proj.weight": 0.157470703125}
{"model.layers.17.self_attn.k_proj.weight": 0.203125}
{"model.layers.17.self_attn.v_proj.weight": 0.478515625}
{"model.layers.17.self_attn.o_proj.weight": 0.4443359375}
{"model.layers.17.mlp.gate_proj.weight": 0.371826171875}
{"model.layers.17.mlp.up_proj.weight": 0.380859375}
{"model.layers.17.mlp.down_proj.weight": 0.332763671875}
{"model.layers.18.self_attn.q_proj.weight": 0.21044921875}
{"model.layers.18.self_attn.k_proj.weight": 0.39306640625}
{"model.layers.18.self_attn.v_proj.weight": 0.76318359375}
{"model.layers.18.self_attn.o_proj.weight": 0.6572265625}
{"model.layers.18.mlp.gate_proj.weight": 0.52392578125}
{"model.layers.18.mlp.up_proj.weight": 0.53125}
{"model.layers.18.mlp.down_proj.weight": 0.5908203125}
{"model.layers.19.self_attn.q_proj.weight": 0.051605224609375}
{"model.layers.19.self_attn.k_proj.weight": 0.049530029296875}
